source_package,count
glibc,23399
gcc-14,16293
python3-defaults,9597
perl,5455
qt6-base,4356
qtbase-opensource-src,4307
glib2.0,3529
dpdk,3362
zlib,2790
gmp,2243
gcc-14-cross-mipsen,1760
qt6-declarative,1613
sphinx,1612
gcc-14-cross-ports,1552
libx11,1510
gtk+3.0,1404
r-api-4.0,1319
gcc-14-cross,1306
mathjax,1260
pango1.0,1204
openssl,1139
libzstd,1097
haddock-interface-42,1083
libghc-base-dev-4.18.2.1-8e81e,1082
libghc-base-prof-4.18.2.1-8e81e,1081
ghc,1080
cairo,1024
php-defaults,1010
ncurses,986
ruby-defaults,950
gcc-13-cross-mipsen,928
mono,921
systemd,913
node-jquery,897
qtbase-opensource-src-gles,897
boost1.83,894
libreoffice,857
gdk-pixbuf,832
libglvnd,829
mpclib3,774
mpfr4,767
libxml2,760
debconf,736
qtdeclarative-opensource-src,723
ffmpeg,715
kf6-kconfig,689
isl,688
numpy,654
gcc-13-cross-ports,644
kf6-kio,643
requests,630
curl,627
debconf-2.0,625
gcc-12-cross-ports,616
adduser,599
libpng1.6,575
cross-toolchain-base-mipsen,572
lapack,561
libxcb,540
cross-toolchain-base-ports,515
sqlite3,511
dconf,503
kf6-ki18n,503
perlapi-5.40.0,497
libjpeg-turbo,495
gcc-defaults,485
tasksel,477
kf6-kcoreaddons,476
emacs,473
gcc-12-cross,466
gcc-13-cross,466
gsettings-backend,464
libghc-bytestring-dev-0.11.5.3-7048d,461
libghc-bytestring-prof-0.11.5.3-7048d,460
emacsen-common,458
r-base,453
opencv,450
util-linux,450
librust-serde-1+default-dev,449
r-cran-testthat,448
firefox-esr,436
symfony,435
pygobject,428
mrpt,416
dh-elpa,415
sphinx-rtd-theme,406
librust-libc-0.2+default-dev,400
nodejs,397
cross-toolchain-base,393
libghc-containers-dev-0.6.7-7a228,391
libghc-containers-prof-0.6.7-7a228,390
java-common,387
libxext,380
wayland,370
libghc-text-dev-2.0.2-5b954,363
pyyaml,363
libghc-text-prof-2.0.2-5b954,362
bzip2,360
dbus,359
ruby-interpreter,351
php-laravel-framework,350
erlang,346
ocaml-5.3.0,341
freetype,338
numactl,338
libstdlib-ocaml-dev-m4xw9,336
pyside6,336
libwww-perl,331
setuptools,331
trilinos,328
alsa-lib,327
python3-supported-min,325
librust-serde-1+derive-dev,321
python3.13,309
efl,307
golang-testify,307
dictionaries-common,306
gcc-defaults-mipsen,305
liburi-perl,304
readline,304
gst-plugins-base1.0,302
libghc-transformers-dev-0.6.1.0-5335d,298
libghc-transformers-prof-0.6.1.0-5335d,297
findlib,293
pkgconf,293
eclipse-platform-ui,292
pulseaudio,291
eclipse-platform,288
fftw3,288
python-aiohttp,287
libbsd,283
fontconfig,282
gtk4,282
python-packaging,281
wxwidgets3.2,281
libstdlib-ocaml-m4xw9,280
gnutls28,278
krb5,277
libmoose-perl,277
kf6-kwidgetsaddons,276
pam,276
postgresql-17,274
gstreamer1.0,272
ocaml-base-5.3.0,272
samba,271
eclipse-equinox,270
texlive-base,270
librust-log-0.4+default-dev,268
pcre2,266
binutils,260
libvorbis,256
gcc-13,254
r-cran-knitr,251
gambas3,250
hdf5,250
boost-defaults,248
librust-quote-1+default-dev,248
xz-utils,245
libsdl2,240
javascript-common,235
at-spi2-core,234
librust-proc-macro2-1+default-dev,234
gcc-defaults-ports,233
scipy,233
isa-support,229
device-tree-compiler,226
icu,226
libblas.so.3,226
openmpi,224
avahi,222
evolution-data-server,222
r-cran-rmarkdown,221
thunderbird,221
ucf,221
sdl12-compat,219
fcitx,217
libghc-mtl-dev-2.3.1-f8119,217
qt6-webengine,217
tiff,217
expat,216
libghc-mtl-prof-2.3.1-f8119,216
libusb-1.0,214
ros-ros-comm,214
tryton-server,214
gir1.2-gobject-2.0,212
liblapack.so.3,212
matplotlib,212
python-django,212
imagemagick,211
kf6-kxmlgui,210
python-typing-extensions,210
tryton-server-api-7.0,209
gtk+2.0,208
libscalar-list-utils-perl,207
python-dateutil,207
qt6-base-private-abi,207
python-pbr,204
libmoo-perl,203
policykit-1,203
libglu,201
json-glib,200
pillow,200
gnustep-base,199
golang-golang-x-net,199
libvirt,199
llvm-toolchain-19,199
lxml,198
puredata,197
apache2,195
gnupg2,194
python-cryptography,190
python3-numpy-abi9,189
python3-numpy2-abi0,189
libxkbcommon,187
libxt,185
tesseract,185
openssh,184
rcpp,184
ros-common-msgs,184
r-api-bioc-3.20,183
r-cran-ggplot2,183
git,181
libxrandr,181
golang-golang-x-sys,179
kf6-kconfigwidgets,179
kf6-kcrash,179
jackd2,178
librsvg,178
python-click,178
libglu1,177
tesseract-lang,177
kf6-kcmutils,175
libcap2,175
libxcrypt,175
kf6-kservice,174
lsb,173
pyqt5,173
e2fsprogs,172
protobuf,172
rails,172
ruby3.3,172
six,172
mariadb,171
golang-go.crypto,170
qt6-svg,169
gir1.2-gio-2.0,168
libjson-perl,167
libxpm,167
r-cran-rlang,167
libpcap,165
openldap,165
suitesparse,165
gsl,164
harfbuzz,164
jinja2,164
libselinux,163
qtdeclarative-opensource-src-gles,163
ca-certificates,162
kf6-kiconthemes,162
libjack-0.125,162
kio,161
libwebp,161
kconfig,160
libnotify,158
libffi,157
libtry-tiny-perl,157
librust-thiserror-1+default-dev,156
gnuradio,155
libsoup3,155
poppler,155
fence-agents,153
libgcrypt20,152
qemu,152
r-cran-mass,152
libsndfile,151
boost1.88,149
ceph,149
debian-edu,149
equinox-p2,149
fonts-dejavu,148
gcc-12,148
jansson,148
libadwaita-1,148
gnustep-gui,147
libnl3,147
cups,146
libghc-deepseq-dev-1.4.8.1-9013f,146
libghc-filepath-dev-1.4.300.1-f6cd4,146
librust-once-cell-1+default-dev,146
nettle,146
sensible-utils,146
init-system-helpers,145
kf6-kdbusaddons,145
libghc-deepseq-prof-1.4.8.1-9013f,145
libghc-filepath-prof-1.4.300.1-f6cd4,145
mesa,145
kirigami-addons,144
libdrm,144
librust-serde-json-1+default-dev,144
libslf4j-java,144
qtbase-abi-5-15-15,144
libghc-template-haskell-dev-2.20.0.0-54f98,142
libghc-template-haskell-prof-2.20.0.0-54f98,142
pyside2,142
libosmocore,141
openstructure,141
xmms2,141
dpkg,139
libghc-time-dev-1.12.2-eb20f,139
libghc-time-prof-1.12.2-eb20f,138
rmatrix,137
libnamespace-autoclean-perl,136
kcoreaddons,135
libdbi-perl,135
libreoffice-dictionaries,135
librust-syn-2+default-dev,135
lz4,135
fcitx5,134
kf6-kirigami,134
libevent,133
libxi,133
libghc-directory-dev-1.3.8.5-98ebe,132
libghc-directory-prof-1.3.8.5-98ebe,131
libxinerama,131
dbus-python,130
tcltk-defaults,130
perlapi-5.40.1,129
elfutils,128
libghc-vector-dev-0.13.1.0-ca5d5,128
libghc-vector-prof-0.13.1.0-ca5d5,127
libnamespace-clean-perl,127
haskell-vector,126
pandas,126
php8.4,126
procps,126
qtmultimedia-opensource-src,126
fuse3,125
gpgme1.0,124
pipewire,124
tex-common,123
clojure,122
fmtlib,122
python-psutil,122
rdma-core,122
golang-defaults,121
libogg,121
librust-tokio-1+default-dev,121
ki18n,120
mir,120
flac,119
kf6-kwindowsystem,119
r-cran-dplyr,119
gcc-mingw-w64,118
gnustep-back,118
opencascade,118
pcl,118
qtsvg-opensource-src,118
texlive-extra,118
file,116
gnome-shell,116
kf6-kcompletion,116
libhtml-parser-perl,116
tcl8.6,116
globus-common,115
kf6-kcolorscheme,115
libarchive,115
libghc-array-dev-0.5.6.0-65c23,115
libcanberra,114
libdatetime-perl,114
libghc-array-prof-0.5.6.0-65c23,114
gobject-introspection,113
heimdal,113
liblist-moreutils-perl,113
libxfixes,113
webkit2gtk,113
pytest,111
python-oslo.utils,111
graphviz,110
vim,110
dbconfig-common,109
r-cran-tibble,109
xdg-utils,109
commons-io,108
fonts-tlwg,108
pyqt6,108
r-cran-covr,107
ros-roscpp-core,107
sdl-mixer1.2,107
puppet-agent,106
akonadi,105
json-c,105
octave,105
fpc,104
gst-plugins-good1.0,104
libghc-unordered-containers-dev-0.2.20-a0e00,104
libxml-libxml-perl,104
libxslt,104
tpm2-tss,104
debian-science,103
ghostscript,103
glibmm2.4,103
lcms2,103
libghc-unordered-containers-prof-0.2.20-a0e00,103
librust-syn-2+full-dev,103
netbase,103
r-cran-jsonlite,103
libva,101
pygments,101
qt6-3d,101
xft,101
libc-dev,100
libclass-accessor-perl,100
libtirpc,100
python-tz,100
r-cran-withr,100
golang-github-pkg-errors,99
underscore,99
visp,99
librust-cfg-if-1+default-dev,98
libsigc++-2.0,98
libxmu,98
cyrus-sasl2,97
libtool,97
python-urllib3,97
acl,96
gnustep-layout-multiarch,96
libghc-hashable-dev-1.4.4.0-fb202,96
python-oslo.config,96
texlive-bin,96
libghc-hashable-prof-1.4.4.0-fb202,95
librust-thiserror-2+default-dev,94
libxtst,94
network-manager,94
nginx,94
qgis,94
sysvinit,94
uim,94
cairo-dock-plug-ins,93
db5.3,93
haskell-hashable,93
aspell,92
golang-github-google-go-cmp,92
kf6-knotifications,92
libsecret,92
wget,92
libyaml,91
sdl-image1.2,91
sqlalchemy,91
qt6-multimedia,90
gsettings-desktop-schemas,89
hunspell,89
iproute2,89
libhttp-message-perl,89
libmodule-runtime-perl,89
libpeas,89
librust-regex-1+default-dev,89
qt3d-opensource-src,89
xfonts-utils,89
haskell-unordered-containers,88
httpd,88
python-importlib-metadata,88
casacore,87
gdal,87
librevenge,87
librust-anyhow-1+default-dev,87
puppet-module-puppetlabs-stdlib,87
qt6-declarative-private-abi,87
h5py,86
haskell-aeson,86
lua5.4,86
qt6-quick3d,86
geany-plugins,85
kf6-knewstuff,85
libghc-aeson-dev-2.1.2.1-bcb88,85
r-bioc-biocgenerics,85
r-cran-magrittr,85
rsync,85
xrootd,85
gir1.2-gobject-2.0-dev,84
gnuplot,84
iptables,84
libcgi-pm-perl,84
libghc-aeson-prof-2.1.2.1-bcb88,84
librust-bitflags-2+default-dev,84
librust-lazy-static-1+default-dev,84
libtype-tiny-perl,84
llvm-toolchain-17,84
lomiri-ui-toolkit,84
popt,84
r-cran-cli,84
twitter-bootstrap3,84
flask,83
libcommons-logging-java,83
php-symfony-contracts,82
python-docutils,82
python-jsonschema,82
python-oslo.log,82
qtquickcontrols2-opensource-src,82
fltk1.3,81
libpath-tiny-perl,81
libxcursor,81
libxrender,81
nss,81
platformdirs,81
python-oslo.i18n,81
cfitsio,80
graphene,80
sox,80
tryton-modules-product,80
android-platform-tools,79
libgee-0.8,79
librust-syn-1+default-dev,79
libxfce4util,79
llvm-toolchain-18,79
mail-transport-agent,79
python-oslo.serialization,79
qtwebengine-opensource-src,79
qtx11extras-opensource-src,79
ros-rosconsole,79
ispell,78
kf6-karchive,78
kwidgetsaddons,78
libblockdev,78
libghc-binary-dev-0.8.9.1-8e26a,78
librust-bytes-1+default-dev,78
pd,78
python-tomli,78
fribidi,77
gnat,77
gst-plugins-bad1.0,77
ibus,77
kf6-kguiaddons,77
libghc-binary-prof-0.8.9.1-8e26a,77
librust-url-2+default-dev,77
libtemplate-perl,77
make-dfsg,77
petsc,77
libghc-exceptions-dev-0.10.7-0356d,76
librust-pkg-config-0.3+default-dev,76
mpi-defaults,76
ros-metapackages,76
ukui-interface,76
www-browser,76
gnome-desktop,75
gvfs,75
libepoxy,75
libghc-exceptions-prof-0.10.7-0356d,75
libghc-ghc-prim-dev-0.10.0-e2193,75
libghc-ghc-prim-prof-0.10.0-e2193,75
libheif,75
guava-libraries,74
libio-socket-ssl-perl,74
librust-rand-0.8+default-dev,74
python-attrs,74
r-bioc-s4vectors,74
vlc,74
beautifulsoup4,73
freerdp3,73
jqueryui,73
libcompiler-libs-ocaml-dev-4b6d0,73
ocl-icd,73
onetbb,73
python-certifi,73
qt6-5compat,73
ros-geometry2,73
dbus-glib,72
libsamplerate,72
libsub-exporter-perl,72
libtheora,72
libxaw,72
lvm2,72
mbedtls,72
net-snmp,72
plexus-utils2,72
rpm,72
bluez,71
fonts-noto,71
libsdl2-mixer,71
log4cxx,71
pacemaker,71
qt6-wayland,71
xorg-server,71
grub2,70
libghc-process-dev-1.6.19.0-48ee2,70
libjsoncpp,70
slurm-wlm,70
tryton-modules-company,70
adios2,69
apt,69
libghc-process-prof-1.6.19.0-48ee2,69
libgudev,69
libsodium,69
openal-soft,69
opus,69
pcp,69
pyparsing,69
python3-stdlib-extensions,69
python3-supported-max,69
r-cran-tidyr,69
stevedore,69
bouncycastle,68
debhelper,68
default-mta,68
gawk,68
gir1.2-gio-2.0-dev,68
haskell-attoparsec,68
libghc-attoparsec-dev-0.14.4-69f92,68
libghc-attoparsec-prof-0.14.4-69f92,68
libghc-parsec-dev-3.1.16.1-a6416,68
libghc-parsec-prof-3.1.16.1-a6416,68
libice,68
librust-serde-1-dev,68
libsm,68
survival,68
unixodbc,68
alembic,67
fcitx5-chinese-addons,67
golang-golang-x-text,67
guile-3.0,67
kmod,67
qtdeclarative-abi-5-15-15,67
chromium,66
giflib,66
ktextaddons,66
librust-smallvec-1+default-dev,66
libspring-java,66
luanti,66
node-lodash,66
postgresql-17-jit-llvm,66
python-sql,66
r-cran-lifecycle,66
vtk9,66
freeglut,65
kf6-kitemmodels,65
libcatalyst-perl,65
libgd2,65
libghc-unix-dev-2.8.4.0-393b9,65
libghc-unix-prof-2.8.4.0-393b9,65
libxfce4ui,65
sudo,65
texlive-lang,65
unzip,65
xen,65
apparmor,64
glew,64
libghc-network-dev-3.1.4.0-a0756,64
libghc-network-prof-3.1.4.0-a0756,64
libseccomp,64
libyaml-perl,64
lua5.1,64
netcdf,64
pixman,64
poco,64
postgresql-common,64
python-keystoneauth1,64
swt4-gtk,64
claws-mail,63
dbus-session-bus,63
default-dbus-session-bus,63
libedit,63
lomiri-keyboard,63
phonon,63
tcp-wrappers,63
tk8.6,63
tryton-modules-party,63
wesnoth-1.18,63
fonts-font-awesome,62
gettext,62
lattice,62
libplack-perl,62
librust-cc-1+default-dev,62
libterm-readkey-perl,62
libxss,62
r-cran-scales,62
sssd,62
taglib,62
upower,62
astropy,61
chardet,61
golang-golang-x-sync,61
golang-google-protobuf,61
libcdio,61
libdbd-sqlite3-perl,61
libexif,61
libgpg-error,61
net-tools,61
pydantic,61
r-cran-vctrs,61
vte2.91,61
appstream,60
firefox,60
libfile-which-perl,60
librust-byteorder-1+default-dev,60
librust-winapi-0.3+default-dev,60
libsdl2-image,60
libsexplib0-ocaml-dev-yj523,60
libsexplib0-ocaml-yj523,60
lua5.3,60
maven,60
node-codemirror,60
r-cran-curl,60
ruby-gnome,60
tqdm,60
apache2-api-20120211,59
brotli,59
corosync,59
dart,59
libclone-perl,59
libfile-sharedir-perl,59
proj,59
qt6-tools,59
yarl,59
yelp,59
dnspython,58
fuse,58
kconfigwidgets,58
kservice,58
libxcomposite,58
openblas,58
openjpeg2,58
qtquickcontrols-opensource-src,58
r-bioc-biobase,58
r-cran-glue,58
sundials,58
xorgproto,58
colord,57
kf6-kcodecs,57
libwnck3,57
pcsc-lite,57
plplot,57
pycairo,57
python-colorama,57
shared-mime-info,57
xerces-c,57
graphicsmagick,56
libcommons-lang3-java,56
libghc-primitive-dev-0.8.0.0-0ecbe,56
libghc-primitive-prof-0.8.0.0-0ecbe,56
libghc-random-dev-1.2.1.2-67d7d,56
libghc-random-prof-1.2.1.2-67d7d,56
libjson-maybexs-perl,56
libplasma,56
libtest-simple-perl,56
luajit,56
mccode,56
psycopg2,56
pugixml,56
rich,56
debian-multimedia,55
erlang-abi,55
haskell-conduit,55
haskell-random,55
kf6-kwallet,55
libdbusmenu,55
librust-pin-project-lite-0.2+default-dev,55
librust-tokio-1+net-dev,55
libxml-parser-perl,55
libxml-simple-perl,55
lomiri-download-manager,55
motif,55
mpg123,55
portaudio19,55
r-bioc-iranges,55
r-cran-digest,55
ace,54
apr,54
cryptsetup,54
debian-med,54
gap,54
haskell-network,54
indi,54
libanyevent-perl,54
libev,54
libghc-conduit-dev-1.3.6-fff87,54
libghc-conduit-prof-1.3.6-fff87,54
librust-system-deps-7+default-dev,54
pyxdg,54
r-cran-data.table,54
r-cran-stringr,54
shadow,54
tryton-modules-stock,54
asm,53
evince,53
gdbm,53
haskell-primitive,53
kxmlgui,53
libfile-slurp-perl,53
libkdegames,53
libmoosex-types-perl,53
librust-memchr-2+default-dev,53
librust-syn-2+extra-traits-dev,53
librust-syn-2+parsing-dev,53
messagelib,53
pciutils,53
pd64,53
pyopenssl,53
pyserial,53
r-cran-purrr,53
tinyxml2,53
cron,52
gem,52
kf6-sonnet,52
lame,52
libidn2,52
libnet-dns-perl,52
librust-bitflags-1+default-dev,52
libtimedate-perl,52
libxdamage,52
libxxf86vm,52
nspr,52
x2goserver,52
defusedxml,51
fonts-freefont,51
golang-github-google-uuid,51
golang-github-spf13-cobra,51
java8-runtime,51
kf6-kparts,51
kf6-ktextwidgets,51
libmad,51
librust-base64-0.22+default-dev,51
librust-chrono-0.4+default-dev,51
librust-syn-1+full-dev,51
librust-tempfile-3+default-dev,51
logrotate,51
obs-studio,51
phpapi-20240924,51
scotch,51
tryton-modules-account,51
apertium,50
atkmm1.6,50
bind9,50
golang-logrus,50
kf6-purpose,50
libghc-http-types-dev-0.12.4-1907e,50
libghc-http-types-prof-0.12.4-1907e,50
libparams-validate-perl,50
libportal,50
psmisc,50
python-keystoneclient,50
r-cran-xml2,50
ruamel.yaml,50
subversion,50
systemd-sysusers,50
tzdata,50
udisks2,50
ant,49
audit,49
firebird4.0,49
globus-gssapi-gsi,49
java-wrappers,49
neovim,49
python-biopython,49
r-cran-httr,49
exiv2,48
golang-golang-x-oauth2,48
gtkmm3.0,48
libboost-python1.83.0-py313,48
libjson-xs-perl,48
libmodule-pluggable-perl,48
libpath-class-perl,48
libreadonly-perl,48
libsdl2-ttf,48
lzo2,48
mysql-defaults,48
ndctl,48
nlme,48
node-inherits,48
presage,48
r-cran-r6,48
scowl,48
haskell-http-types,47
kf6-kcontacts,47
khelpcenter,47
libghc-stm-dev-2.5.1.0-99e80,47
libguestfs,47
libical3,47
libmro-compat-perl,47
librust-num-traits-0.2+default-dev,47
linux,47
node-react,47
python-async-timeout,47
python-tenacity,47
python3-cffi-backend-api-max,47
python3-cffi-backend-api-min,47
ros-ros,47
tinyxml,47
vulkan-loader,47
budgie-desktop,46
gcr,46
golang-check.v1,46
golang-google-grpc,46
gsettings-qt,46
htslib,46
konqueror,46
libcap-ng,46
libclass-load-perl,46
libdist-zilla-perl,46
libghc-stm-prof-2.5.1.0-99e80,46
libinput,46
librust-clap-4+derive-dev,46
librust-tokio-1+io-util-dev,46
libxmlada,46
mumps,46
mvtnorm,46
paramiko,46
prettytable,46
qtlocation-opensource-src,46
r-cran-htmltools,46
ros-std-msgs,46
ros2-ament-cmake,46
speex,46
x-terminal-emulator,46
xfconf,46
bioperl,45
geany,45
inetutils,45
kf6-kbookmarks,45
libcatmandu-perl,45
libextractor,45
libghc-utf8-string-dev-1.0.2-2ec81,45
libghc-utf8-string-prof-1.0.2-2ec81,45
librust-clap-4+default-dev,45
libspdlog1.15-fmt10,45
libuv1,45
lme4,45
petsc4py,45
python-debian,45
python-xstatic,45
r-bioc-genomicranges,45
r-cran-igraph,45
r-cran-shiny,45
xterm,45
abseil,44
apr-util,44
atinject-jsr330,44
cdrkit,44
eigen3,44
ipython,44
jekyll,44
kodi-api-pvr,44
libayatana-appindicator,44
libghc-resourcet-dev-1.3.0-2d998,44
libghc-resourcet-prof-1.3.0-2d998,44
liblo,44
libparams-util-perl,44
librust-futures-0.3+default-dev,44
librust-serde-derive-1+default-dev,44
librust-tracing-0.1+default-dev,44
pidgin,44
tempest,44
twisted,44
xfce4-panel,44
build-essential,43
doc-base,43
gtksourceview4,43
httpx,43
kamailio,43
kf6-kitemviews,43
kf6-solid,43
kmime,43
kwindowsystem,43
libghc-quickcheck-dev-2.14.3-955ee,43
libghc-quickcheck-prof-2.14.3-955ee,43
liblog-log4perl-perl,43
librust-parking-lot-0.12+default-dev,43
librust-serde-1+alloc-dev,43
librust-tokio-1+rt-dev,43
lynx,43
octave-abi-59,43
python-distro,43
qtpim-opensource-src,43
r-cran-foreach,43
rocm-hipamd,43
ros-image-common,43
x11-utils,43
console-bridge,42
debian-junior,42
dkms,42
enchant-2,42
geany-abi-18688,42
grpc,42
haskell-case-insensitive,42
haskell-resourcet,42
httpcomponents-client,42
jackd-defaults,42
kiconthemes,42
libcommons-codec-java,42
libghc-tagged-dev-0.8.8-43686,42
libghc-tagged-prof-0.8.8-43686,42
libhandy-1,42
libopencl1,42
librdf-trine-perl,42
networkx,42
python-netaddr,42
python-openstackclient,42
python-oslo.concurrency,42
python-webob,42
qca2,42
rcolorbrewer,42
tryton-modules-account-invoice,42
xorg,42
zenity,42
bc,41
epiphany-browser,41
fluidsynth,41
fonts-liberation,41
fungw,41
gedit,41
haskell-data-default,41
haskell-utf8-string,41
iputils,41
kf6-kcalendarcore,41
kf6-kjobwidgets,41
kidentitymanagement,41
libbpf,41
librust-sha2-0.10+default-dev,41
netpbm-free,41
python-apt,41
python-cffi,41
ruby-nokogiri,41
slang2,41
syslinux,41
syslog-ng,41
vorbis-tools,41
apache-log4j1.2,40
clutter-1.0,40
devscripts,40
eclipse-jdt-core,40
fenics-dolfinx,40
golang-gopkg-yaml.v3,40
initramfs-tools,40
kf6-kstatusnotifieritem,40
libfile-homedir-perl,40
libghc-case-insensitive-dev-1.2.1.0-94a09,40
libkpim6akonadicore6-24.12,40
librust-time-0.3+default-dev,40
modemmanager,40
pimcommon,40
plasma-workspace,40
pyjwt,40
python-argcomplete,40
python-decorator,40
python-idna,40
python-markdown,40
rustc,40
scikit-learn,40
svxlink,40
texinfo,40
bootstrap-html,39
cairomm,39
fonttools,39
freeipmi,39
haskell-quickcheck,39
libdbd-pg-perl,39
libghc-case-insensitive-prof-1.2.1.0-94a09,39
libgit2,39
liblwp-protocol-https-perl,39
libusb,39
lsb-release-minimal,39
neutron,39
node-debug,39
node-jss,39
node-readable-stream,39
nordugrid-arc,39
pangomm,39
parted,39
pdf-viewer,39
pike8.0,39
pmdk,39
ros-nodelet-core,39
ros2-colcon-core,39
ruby-rack,39
scalapack,39
sgml-base,39
tryton-modules-currency,39
debian-astro,38
gnat-14-ade93c16,38
haskell-network-uri,38
hidapi,38
icu4j,38
java11-runtime,38
jaxb,38
junit4,38
lazarus,38
libcommons-cli-java,38
libghc-data-default-dev-0.7.1.2-6e275,38
libghc-data-default-prof-0.7.1.2-6e275,38
libgphoto2,38
libmojolicious-perl,38
librust-percent-encoding-2+default-dev,38
librust-walkdir-2+default-dev,38
lm-sensors,38
pycryptodome,38
python-orjson,38
python-tabulate,38
qttools-opensource-src,38
r-cran-spelling,38
v4l-utils,38
zeromq3,38
accountsservice,37
cg3,37
cmake,37
csound,37
gdb,37
haskell-tagged,37
horizon,37
hwloc,37
iso-codes,37
kdeclarative,37
libarchive-zip-perl,37
libcdio-paranoia,37
libcommons-lang-java,37
libcoq-stdlib-68yx1,37
libdigest-sha-perl,37
libevdev,37
libghc-network-uri-dev-2.6.4.2-2a756,37
libghc-network-uri-prof-2.6.4.2-2a756,37
libio-string-perl,37
libocaml-compiler-libs-ocaml-dev-cv331,37
libpoe-perl,37
librust-async-trait-0.1+default-dev,37
librust-futures-core-0.3-dev,37
librust-serde-1+std-dev,37
librust-tokio-1+time-dev,37
objfw,37
openexr,37
pyasn1,37
python-werkzeug,37
qrencode,37
qt6-positioning,37
rygel,37
bctoolbox,36
eccodes,36
evolution,36
globus-gss-assist,36
globus-xio,36
gnome-online-accounts,36
golang-github-davecgh-go-spew,36
haskell-base64-bytestring,36
haskell-scientific,36
javatools,36
jpeg-xl,36
kf6-kglobalaccel,36
less,36
libdbix-class-perl,36
libgcc1,36
liblog-any-perl,36
libmnl,36
libppxlib-ocaml-dev-uon82,36
librust-indexmap-2+default-dev,36
librust-rayon-1+default-dev,36
librust-unicode-width-0.1+default-dev,36
libunwind,36
libyaml-libyaml-perl,36
mgcv,36
node-lezer,36
okteta,36
protobuf-c,36
python-msgpack,36
r-cran-crayon,36
r-cran-reshape2,36
ros-image-pipeline,36
ruby-json,36
x11-xserver-utils,36
zope.interface,36
cron-daemon,35
dbi,35
dolfin,35
faad2,35
gnome-shell-extensions,35
golang-github-mattn-go-runewidth,35
golang-github-spf13-pflag,35
golang-yaml.v2,35
hamlib,35
kcompletion,35
libdata-dump-perl,35
libgc,35
libghc-base64-bytestring-dev-1.2.1.0-8ec51,35
libghc-base64-bytestring-prof-1.2.1.0-8ec51,35
libghc-pretty-dev-1.1.3.6-8f6c9,35
libghc-scientific-dev-0.3.7.0-4d9a8,35
libghc-scientific-prof-0.3.7.0-4d9a8,35
libidn,35
librust-document-features-0.2+default-dev,35
librust-glib-0.20+default-dev,35
librust-hex-0.4+default-dev,35
librust-syn-2+printing-dev,35
librust-time-0.3+formatting-dev,35
libzip,35
marble,35
mate-panel,35
ncbi-blast+,35
node-safe-buffer,35
pcb-rnd,35
python-keyring,35
python-oslo.context,35
python-pysam,35
qhull,35
r-cran-gridextra,35
r-cran-plyr,35
ros2-ament-lint,35
rrdtool,35
speech-dispatcher,35
tryton-modules-sale,35
xapian-core,35
akonadi-contacts,34
c-ares,34
cogl,34
debianutils,34
djvulibre,34
geos,34
golang-gomega,34
haskell-data-default-class,34
ibus-table,34
icingaweb2,34
imath,34
java9-runtime,34
jq,34
kf6-kdeclarative,34
kf6-ktexteditor,34
libao,34
libcapture-tiny-perl,34
libghc-pretty-prof-1.1.3.6-8f6c9,34
libhtml-tree-perl,34
libio-stringy-perl,34
libksysguard,34
libnma,34
libparse-recdescent-perl,34
libregexp-common-perl,34
llvm-defaults,34
maven-parent,34
node-glob,34
node-semver,34
python-babel,34
python-eventlet,34
python-oslo.messaging,34
r-bioc-biostrings,34
r-bioc-summarizedexperiment,34
ros-genpy,34
ros-vision-opencv,34
slepc,34
soapysdr,34
telepathy-glib,34
w3m,34
wireshark,34
xine-lib-1.2,34
zeroc-ice,34
allegro5,33
caja,33
debian-pan,33
google-glog,33
haskell-blaze-builder,33
iceoryx,33
importlib-resources,33
kf6-syntax-highlighting,33
libdbd-mysql-perl,33
libdigest-hmac-perl,33
libexception-class-perl,33
libfile-find-rule-perl,33
libghc-data-default-class-dev-0.1.2.2-3b83c,33
libghc-data-default-class-prof-0.1.2.2-3b83c,33
libghc-transformers-base-dev-0.4.6-6e9e2,33
libghc-transformers-base-prof-0.4.6-6e9e2,33
libipc-run-perl,33
libkpim6mime6-24.12,33
liblocale-gettext-perl,33
libmailtools-perl,33
libppi-perl,33
libraw,33
librust-bstr-1+std-dev,33
librust-glib-sys-0.20+default-dev,33
librust-uuid-1+default-dev,33
libssh2,33
lmdb,33
mailutils,33
mailx,33
mate-desktop,33
mongo-c-driver,33
nginx-abi-1.26.3-1,33
ossp-uuid,33
packagekit,33
ruby-faraday,33
slepc4py,33
snappy,33
wxpython4.0,33
xcb-util,33
xmlsec1,33
yorick,33
zip,33
bacula,32
busybox,32
clamav,32
dash-el,32
desktop-base,32
emacsen,32
glusterfs,32
haskell-memory,32
hiredis,32
imlib2,32
keyutils,32
libcgi-application-perl,32
libencode-perl,32
libghc-async-dev-2.2.5-51753,32
libghc-blaze-builder-dev-0.4.2.3-e841f,32
libghc-blaze-builder-prof-0.4.2.3-e841f,32
libghc-transformers-compat-dev-0.7.2-e7a3a,32
libghc-transformers-compat-prof-0.7.2-e7a3a,32
libjna-java,32
libkgapi,32
libmime-tools-perl,32
librust-chrono-0.4+clock-dev,32
librust-itoa-1+default-dev,32
libsfml,32
libversion-perl,32
libxau,32
nautilus,32
pdl,32
postfix,32
python-redis,32
r-cran-nnet,32
r-cran-numderiv,32
ruby-rspec,32
sdl-ttf2.0,32
xxhash,32
yaml-cpp,32
zsh,32
dask,31
dcmtk,31
debian-games,31
debootstrap,31
fortune-mod,31
gfal2,31
gimp-help,31
golang-github-golang-protobuf-1-5,31
golang-github-klauspost-compress,31
golang-golang-x-tools,31
haskell-transformers-base,31
kf6-ksvg,31
kf6-kuserfeedback,31
libghc-async-prof-2.2.5-51753,31
libghc-syb-dev-0.7.2.4-5c37c,31
libghc-syb-prof-0.7.2.4-5c37c,31
libgsf,31
libio-socket-ip-perl,31
libmaxminddb,31
libplist,31
librust-digest-0.10+default-dev,31
librust-flate2-1+default-dev,31
librust-tokio-1+fs-dev,31
libunistring,31
lightdm,31
lighttpd,31
lomiri-content-hub,31
node-babel-runtime,31
omniorb-dfsg,31
openhpi,31
perl-tk,31
puppet-module-openstacklib,31
puppet-module-puppetlabs-inifile,31
python-oslo.db,31
python-pymysql,31
python-setproctitle,31
python-xmltodict,31
q-text-as-data,31
qscintilla2,31
qtkeychain,31
r-cran-matrixstats,31
r-cran-rcpparmadillo,31
r-cran-rstudioapi,31
ruby-addressable,31
xcb-util-wm,31
allegro4.4,30
apertium-lex-tools,30
assimp,30
asterisk-core-sounds,30
blis,30
configobj,30
fltk1.4,30
fonts-urw-base35,30
gcr4,30
gdcm,30
glfw3,30
golang-github-mattn-go-isatty,30
golang-golang-x-exp,30
gst-plugins-ugly1.0,30
haskell-async,30
haskell-lens,30
hicolor-icon-theme,30
inet-superserver,30
java10-runtime,30
jaxb-api,30
jemalloc,30
kf6-kauth,30
libcommons-compress-java,30
libconfig,30
libdvdread,30
libghc-memory-dev-0.18.0-3cdf0,30
libghc-memory-prof-0.18.0-3cdf0,30
libnet-ssleay-perl,30
libodfgen,30
libqb,30
librust-arbitrary-1+default-dev,30
librust-tokio-1+sync-dev,30
libtie-ixhash-perl,30
libxerces2-java,30
libxklavier,30
mjpegtools,30
ncbi-tools6,30
node-graceful-fs,30
pexpect,30
pymongo,30
python-debtcollector,30
python-iso8601,30
python-oslo.service,30
python-qtpy,30
r-bioc-genomeinfodb,30
r-cran-callr,30
r-cran-stringi,30
r-zoo,30
ruby-thor,30
samtools,30
scim,30
signond,30
skimage,30
startup-notification,30
strongswan,30
systemsettings,30
uwsgi-plugin-python,30
batik,29
bsd-mailx,29
cluster-glue,29
ding-libs,29
gir1.2-gtk-3.0-dev,29
haskell-conduit-extra,29
haskell-syb,29
libaccounts-qt,29
libaio,29
libbase-ocaml-ynq48,29
libftdi1,29
libghc-lens-dev-5.2.3-76305,29
libghc-lens-prof-5.2.3-76305,29
liblwt-ocaml-mo111,29
librust-nom-7+default-dev,29
libsoup2.4,29
libtext-csv-perl,29
liburing,29
libxv,29
markupsafe,29
nghttp2,29
node-source-map,29
r-cran-markdown,29
r-cran-rcppeigen,29
r-cran-readr,29
r-cran-xml,29
ruby-google-apis-core,29
servlet-api,29
unbound,29
wavpack,29
anthy,28
binutils-mipsen,28
cluster,28
debian-electronics,28
gimp,28
haskell-monad-control,28
highlight.js,28
libghc-monad-control-dev-1.0.3.1-b8be8,28
libmemcached,28
libmicrohttpd,28
libmouse-perl,28
librust-libc-0.2-dev,28
librust-syn-2+derive-dev,28
librust-syn-2+proc-macro-dev,28
librust-zeroize-1-dev,28
libuniversal-require-perl,28
lirc,28
lomiri-online-accounts,28
node-chalk,28
node-resolve,28
ocaml,28
python-oslo.policy,28
pyzmq,28
r-cran-doparallel,28
r-cran-sf,28
r-cran-yaml,28
rsplib,28
rust-git2,28
urwid,28
weechat,28
geoclue-2.0,27
geoip,27
gfortran-mod-15,27
golang-gogoprotobuf,27
gpm,27
gpsd,27
gr-framework,27
gtksourceview3,27
haskell-split,27
haskell-wai,27
karchive,27
kf6-kfilemetadata,27
ktextwidgets,27
libayatana-common,27
libbase-ocaml-dev-ynq48,27
libclass-data-inheritable-perl,27
libghc-conduit-extra-dev-1.3.6-aaee5,27
libghc-conduit-extra-prof-1.3.6-aaee5,27
libghc-monad-control-prof-1.0.3.1-b8be8,27
libghc-split-dev-0.2.5-3cfdd,27
libgtop2,27
liblwt-ocaml-dev-mo111,27
librust-toml-0.8+default-dev,27
librust-winapi-0.3+winbase-dev,27
libyaml-syck-perl,27
lsof,27
mpv,27
node-through2,27
openbsd-inetd,27
openvswitch,27
python-keystonemiddleware,27
python-magic,27
python-osc-lib,27
qt6-translations,27
r-cran-cpp11,27
r-cran-vdiffr,27
ros-class-loader,27
ros-dynamic-reconfigure,27
rsyslog,27
ruby-multi-json,27
sndio,27
sympy,27
traitlets,27
ust,27
volk,27
akonadi-search,26
analitza,26
arpack,26
bash-completion,26
d3,26
desktop-file-utils,26
docker.io,26
dtkcore,26
exim4,26
festival,26
fp-units-win,26
gnome-icon-theme,26
gnome-settings-daemon,26
golang-github-mattn-go-colorable,26
golang-github-prometheus-client-golang,26
golang-yaml.v2-dev,26
google-perftools,26
gsasl,26
gtk-layer-shell,26
haskell-haskell-gi-base,26
kf6-kpackage,26
kitemviews,26
libclaw,26
libgetopt-long-descriptive-perl,26
libghc-split-prof-0.2.5-3cfdd,26
libio-socket-inet6-perl,26
libjson-pp-perl,26
libkpim6akonadiwidgets6-24.12,26
libkpim6identitymanagementcore6-24.12,26
libpod-parser-perl,26
libproxy,26
librnd,26
librust-cipher-0.4+default-dev,26
librust-futures-channel-0.3+default-dev,26
librust-futures-core-0.3+default-dev,26
librust-http-1+default-dev,26
librust-num-traits-0.2-dev,26
librust-rustix-0.38+fs-dev,26
librust-syn-1+extra-traits-dev,26
libssh,26
libstrictures-perl,26
libxkbfile,26
live-tasks,26
mako,26
mathgl,26
meta-kde,26
nifticlib,26
notmuch,26
opusfile,26
owfs,26
php-psr-log,26
plasma-activities,26
plymouth,26
pygame,26
python-certbot,26
python-openstacksdk,26
python-requests-oauthlib,26
python-shapely,26
python-tornado,26
qtwayland-opensource-src,26
r-bioc-annotationdbi,26
s3d,26
sendmail,26
ssh-client,26
storm-lang,26
thunar,26
tinysparql,26
xcb-util-keysyms,26
z3,26
attr,25
audacious,25
cinnamon-desktop,25
cups-filters,25
debian-edu-doc,25
debian-hamradio,25
dosfstools,25
ethtool,25
folks,25
fonts-roboto,25
gmsh,25
gnome-colors,25
gnome-keyring,25
golang-golang-x-term,25
gst-libav1.0,25
gtksourceview5,25
haskell-safe,25
jackson-core,25
java-runtime,25
java7-runtime,25
kf6-kpeople,25
kirigami2,25
kosmindoormap,25
libclass-xsaccessor-perl,25
libcommons-collections3-java,25
libdate-manip-perl,25
libfm,25
libghc-wai-dev-3.2.4-ed743,25
libghc-wai-prof-3.2.4-ed743,25
libhdf4,25
libpaper,25
librust-gix-path-0.10+default-dev,25
librust-tokio-1+macros-dev,25
librust-zeroize-1+default-dev,25
miniupnpc,25
mpich,25
node-proxy-agents,25
openscenegraph,25
puppet-module-oslo,25
python-legacy-cgi,25
python-mashumaro,25
python-oslo.upgradecheck,25
python-xarray,25
python-xlib,25
qtxmlpatterns-opensource-src,25
r-bioc-biocparallel,25
ros-geometry,25
rust-swc-core,25
sonnet,25
vdeplug4,25
wagon,25
zbar,25
bash,24
cpio,24
debichem,24
dovecot,24
dtkgui,24
eckit,24
fcitx5-table-extra,24
gedit-plugins,24
gjs,24
golang-golang-x-time,24
golang-logrus-dev,24
gsequencer,24
haskell-ansi-terminal,24
haskell-blaze-html,24
haskell-cereal,24
haskell-semigroupoids,24
haskell-unliftio-core,24
haskell-xml-conduit,24
jackson-databind,24
knot,24
knotifications,24
kpackage,24
libaec,24
libclass-inspector-perl,24
libcommon-sense-perl,24
libconfig-tiny-perl,24
libdate-calc-perl,24
libghc-haskell-gi-base-dev-0.26.8-b9bc7,24
libghc-haskell-gi-base-prof-0.26.8-b9bc7,24
libghc-old-locale-dev-1.0.0.7-47547,24
libghc-old-locale-prof-1.0.0.7-47547,24
libid3tag,24
libkml,24
liborcus,24
librust-chrono-0.4+std-dev,24
librust-gix-hash-0.15+default-dev,24
librust-glob-0.3+default-dev,24
libxml-twig-perl,24
maven-resolver,24
media-types,24
mplayer,24
nbformat,24
netatalk,24
nftables,24
nmap,24
p11-kit,24
pd-libdir,24
pinentry,24
plexus-containers,24
ply,24
python-cliff,24
python-httplib2,24
python-oslo.middleware,24
pytorch,24
qt6-speech,24
qt6-webchannel,24
qtserialport-opensource-src,24
r-cran-bh,24
r-cran-broom,24
r-cran-coda,24
r-cran-sp,24
r-cran-tidyselect,24
ruby-concurrent,24
speexdsp,24
ssl-cert,24
voluptuous,24
xapp,24
xauth,24
xorg-video-abi-25,24
bleak,23
codetools,23
cracklib2,23
dbus-system-bus,23
designate,23
ejabberd,23
globus-gsi-sysconfig,23
gnome-session,23
golang-github-opencontainers-go-digest,23
haskell-http-client,23
haskell-th-abstraction,23
jupyter-core,23
kf6-knotifyconfig,23
kwallet-kf5,23
libavif,23
libdrumstick,23
liberror-perl,23
libghc-ansi-terminal-dev-1.0.2-25450,23
libghc-safe-dev-0.3.21-37825,23
libghc-safe-prof-0.3.21-37825,23
libghc-semigroups-dev-0.20-307a4,23
libghc-semigroups-prof-0.20-307a4,23
libghc-xml-conduit-dev-1.9.1.3-5088a,23
libghc-xml-conduit-prof-1.9.1.3-5088a,23
libhttp-date-perl,23
libkgapi5,23
libmoosex-role-parameterized-perl,23
libmtp,23
libnet,23
librust-futures-util-0.3-dev,23
librust-memmap2-0.9+default-dev,23
librust-num-traits-0.2+std-dev,23
libtask-weaken-perl,23
libyaml-tiny-perl,23
lilv,23
lilypond,23
m4,23
malcontent,23
man-db,23
mutagen,23
node-mkdirp,23
openbabel,23
openvanilla-modules,23
ostree,23
pastedeploy,23
pastescript,23
ppp,23
puppet-module-keystone,23
pycurl,23
python-boto3,23
python-oauthlib,23
python-pip,23
python-prometheus-client,23
pyusb,23
qcoro,23
qt6-grpc,23
qtscript-opensource-src,23
r-cran-ape,23
r-cran-base64enc,23
r-cran-pillar,23
requirejs,23
ros-rospkg,23
ruby-ffi,23
sane-backends,23
wcslib,23
wmaker,23
xfonts-100dpi,23
akonadi-mime,22
alsa-utils,22
argon2,22
cyrus-imapd,22
default-dbus-system-bus,22
eclipse-emf,22
exo,22
flex,22
freetds,22
giza,22
glgrib,22
haskell-base-compat,22
haskell-dlist,22
html5lib,22
java8-runtime-headless,22
kguiaddons,22
libassuan,22
libbluray,22
libc0.1,22
libc6.1,22
libclass-method-modifiers-perl,22
libcpanel-json-xs-perl,22
libexporter-tiny-perl,22
libghc-ansi-terminal-prof-1.0.2-25450,22
libghc-blaze-html-dev-0.9.2.0-cce28,22
libghc-cereal-dev-0.5.8.3-7d511,22
libghc-cereal-prof-0.5.8.3-7d511,22
libghc-dlist-dev-1.0-d3ec3,22
libghc-semigroupoids-dev-6.0.1-b41bf,22
libghc-semigroupoids-prof-6.0.1-b41bf,22
libghc-th-abstraction-dev-0.5.0.0-7c32d,22
libghc-th-abstraction-prof-0.5.0.0-7c32d,22
libghc-unliftio-core-dev-0.2.1.0-20198,22
libghc-unliftio-core-prof-0.2.1.0-20198,22
libgsm,22
libgwenhywfar,22
libkpim6pimcommon6-24.12,22
libkscreen,22
libmime-types-perl,22
libpadwalker-perl,22
librust-async-std-1+default-dev,22
librust-gobject-sys-0.20+default-dev,22
librust-log-0.4+std-dev,22
librust-tokio-1+rt-multi-thread-dev,22
libsolv,22
libsub-name-perl,22
libterm-readline-gnu-perl,22
libwmf,22
newt,22
nova,22
python-flake8,22
python-greenlet,22
python-neutronclient,22
python-zeroconf,22
rpart,22
rubberband,22
sandwich,22
sugar-toolkit-gtk3,22
twitter-bootstrap4,22
virtuoso-opensource,22
websocket-client,22
xfonts-75dpi,22
adwaita-icon-theme,21
bluetooth-data-tools,21
boot,21
capstone,21
cjson,21
clthreads,21
courier-authlib,21
dialog,21
distro-info,21
double-conversion,21
ejabberd-contrib,21
fenics-basix,21
foreign,21
freehep-vectorgraphics,21
freeimage,21
freeradius,21
globus-gsi-credential,21
gnome-menus,21
idzebra,21
igerman98,21
kcodecs,21
kcrash,21
kdbusaddons,21
kernsmooth,21
kf6-prison,21
knewstuff,21
kparts,21
libapache2-mod-perl2,21
libauthen-sasl-perl,21
libcamlp-streams-ocaml-dev-0lin0,21
libconfig-general-perl,21
libconfig-inifiles-perl,21
libdatetime-timezone-perl,21
libdeflate,21
libghc-blaze-html-prof-0.9.2.0-cce28,21
libghc-dlist-prof-1.0-d3ec3,21
libghc-http-client-dev-0.7.17-4d7f0,21
libghc-http-client-prof-0.7.17-4d7f0,21
libime,21
libio-compress-perl,21
libmd,21
libmpc,21
libnet-ldap-perl,21
libre-ocaml-dev-xtyr4,21
librole-tiny-perl,21
librust-bytemuck-1+default-dev,21
librust-futures-io-0.3+default-dev,21
librust-heck-0.4+default-dev,21
librust-quote-1-dev,21
librust-regex-1+std-dev,21
librust-rustix-0.38+default-dev,21
librust-sha1-0.10+default-dev,21
librust-socket2-0.5+default-dev,21
librust-subtle-2-dev,21
librust-winapi-0.3+handleapi-dev,21
libsub-install-perl,21
lxc,21
mozc,21
okular,21
promod3,21
prompt-toolkit,21
python-bcrypt,21
python-cachetools,21
python-testtools,21
python-toml,21
r-bioc-rtracklayer,21
r-cran-htmlwidgets,21
r-cran-rsqlite,21
r-cran-tinytest,21
shapelib,21
singular,21
spice-gtk,21
stardict,21
supercollider,21
swi-prolog,21
swift,21
totem-pl-parser,21
udunits,21
vala,21
vdr-abi-2.6.0-debian,21
xfonts-base,21
abind,20
car,20
dmidecode,20
dtkwidget,20
eog-plugins,20
espeak-ng,20
fontforge,20
fonts-noto-color-emoji,20
garcon,20
gir1.2-gdk-3.0,20
globus-gsi-cert-utils,20
glpk,20
golang-github-gorilla-mux,20
golang-github-opencontainers-image-spec,20
gsound,20
gspell,20
hplip,20
joblib,20
jquery-goodies,20
kglobalaccel,20
kjobwidgets,20
kmailtransport,20
libbpp-core,20
libconfig-any-perl,20
libdockapp,20
libdumb,20
libghc-base-compat-dev-0.13.1-70afd,20
libghc-base-compat-prof-0.13.1-70afd,20
libhash-merge-perl,20
libipc-run3-perl,20
libkdepim,20
libksieve,20
libnetaddr-ip-perl,20
libnsl,20
libpsl,20
libqtxdg,20
libraw1394,20
librust-encoding-rs-0.8+default-dev,20
librust-fnv-1+default-dev,20
librust-getrandom-0.2+default-dev,20
librust-proc-macro2-1-dev,20
librust-semver-1+default-dev,20
librust-slab-0.4+default-dev,20
librust-static-assertions-1+default-dev,20
librust-syn-2+clone-impls-dev,20
librust-thiserror+default-dev,20
librust-tokio-util-0.7+default-dev,20
libsoap-lite-perl,20
libvpx,20
libwww-mechanize-perl,20
libxml-sax-perl,20
libxml-writer-perl,20
lksctp-tools,20
logind,20
lxsession,20
menu,20
mutter,20
nemo,20
nextcloud-desktop,20
nfs-utils,20
node-commander,20
node-minimist,20
osgi-compendium,20
pandoc,20
python-colorlog,20
python-filelock,20
python-novaclient,20
python-pyproj,20
python-regex,20
qt6-scxml,20
r-bioc-delayedarray,20
r-cran-bit64,20
r-cran-generics,20
r-cran-maps,20
r-cran-png,20
r-cran-r.utils,20
r-cran-roxygen2,20
rake,20
request-tracker5,20
s-el,20
silx,20
update-inetd,20
xml-commons-external,20
yajl,20
antlr4,19
apache-log4j2,19
base-files,19
breezy,19
btrfs-progs,19
clutter-gtk,19
cpl,19
dh-runit,19
emboss,19
fcitx5-qt,19
flatpak,19
flite,19
gexiv2,19
gir1.2-libxml2-2.0,19
globus-gsi-openssl-error,19
golang-github-hashicorp-go-multierror,19
golang-github-mattn-go-sqlite3,19
gupnp,19
haskell-blaze-markup,19
haskell-comonad,19
haskell-hslua-core,19
haskell-unliftio,19
haskell-zlib,19
hmisc,19
httpcomponents-core,19
ipykernel,19
iraf,19
java7-runtime-headless,19
jupyter-client,19
kalkun,19
kpipewire,19
layer-shell-qt,19
libalgorithm-diff-perl,19
libclass-dbi-perl,19
libcrypt-ssleay-perl,19
libdatetime-format-strptime-perl,19
libfuture-perl,19
libgd-perl,19
libghc-blaze-markup-dev-0.8.3.0-b0fde,19
libghc-blaze-markup-prof-0.8.3.0-b0fde,19
libghc-haskell-gi-dev-0.26.12-9241d,19
libghc-haskell-gi-prof-0.26.12-9241d,19
libghc-zlib-dev-0.6.3.0-436de,19
libgoogle-gson-java,19
libimage-exiftool-perl,19
libimobiledevice,19
liblog-dispatch-perl,19
libmoosex-getopt-perl,19
libobject-pad-perl,19
librust-arbitrary-1+derive-dev,19
librust-backtrace-0.3+default-dev,19
librust-dirs-5+default-dev,19
librust-gix-object-0.46+default-dev,19
librust-memchr-2-dev,19
librust-sha2-0.10-dev,19
librust-time-0.3+parsing-dev,19
libtask-kensho-perl,19
libtest-deep-perl,19
liburcu,19
lttoolbox,19
mecab,19
mercurial,19
mlt,19
mpi4py,19
notification-daemon,19
nut,19
patch,19
php-twig,19
pybind11,19
python-mkdocs,19
python-pyqtgraph,19
python-requests-toolbelt,19
python-swiftclient,19
qt6-charts,19
qtsystems-opensource-src,19
r-cran-emmeans,19
r-cran-xtable,19
ros-perception-pcl,19
scilab,19
shiki-colors-murrine,19
simplejson,19
superlu,19
system-config-printer,19
tango,19
wheel,19
zeitgeist,19
android-platform-tools-base,18
angular.js,18
bluetooth-sensor-state-data,18
c-compiler,18
calligra,18
cdparanoia,18
clxclient,18
coinutils,18
daemon,18
dctrl-tools,18
default-logind,18
dictd,18
docbook-xml,18
feedbackd,18
fftw,18
fonts-lato,18
geronimo-annotation-1.3-spec,18
gnustep-addresses,18
golang-github-frankban-quicktest,18
golang-github-golang-snappy,18
golang-github-mitchellh-go-homedir,18
gosa,18
haskell-base-orphans,18
haskell-file-embed,18
haskell-prettyprinter,18
haskell-tasty,18
haskell-unix-compat,18
hdparm,18
httpd-cgi,18
inkscape,18
intellij-annotations,18
keybinder-3.0,18
kf6-baloo,18
kirigami-addons5,18
libcaca,18
libcarp-clan-perl,18
libdevel-stacktrace-perl,18
libgd-gd2-perl,18
libghc-base-orphans-dev-0.9.2-d3cf3,18
libghc-base-orphans-prof-0.9.2-d3cf3,18
libghc-comonad-dev-5.0.8-e1e0b,18
libghc-comonad-prof-5.0.8-e1e0b,18
libghc-unliftio-dev-0.2.25.0-04764,18
libghc-unliftio-prof-0.2.25.0-04764,18
libghc-zlib-prof-0.6.3.0-436de,18
libgraph-perl,18
libgtk3-perl,18
libgweather4,18
libhtml-template-perl,18
libopencl-1.2-1,18
libref-util-perl,18
librust-arrayvec-0.7-dev,18
librust-bstr-1+serde-dev,18
librust-num-bigint-0.4+default-dev,18
librust-rand-core-0.6+default-dev,18
librust-rustc-version-0.4+default-dev,18
librust-time-0.3+macros-dev,18
librust-tracing-0.1+log-dev,18
libsafe-isa-perl,18
libsocket-perl,18
libsocket6-perl,18
libsoxr,18
libstb,18
libtasn1-6,18
libtext-csv-xs-perl,18
libxdmcp,18
maxima,18
more-itertools,18
mosquitto,18
network-manager-applet,18
node-rimraf,18
orocos-kdl,18
plasma5support,18
pluma-plugins,18
python-charset-normalizer,18
python-futurist,18
python-git,18
python-glanceclient,18
python-nacl,18
python-pecan,18
python-tomlkit,18
qt6-quick3d-private-abi,18
qtcharts-opensource-src,18
qtchooser,18
qtwebsockets-opensource-src,18
qwt,18
r-bioc-limma,18
r-cran-future,18
r-cran-runit,18
redland,18
ros-ros-comm-msgs,18
roundcube,18
skkdic,18
urdfdom,18
7zip,17
anacron,17
atril,17
augeas,17
buteo-syncfw,17
cantor,17
cheese,17
cl-alexandria,17
commons-math3,17
docbook-xsl,17
docopt,17
enet,17
gnome-themes-extra,17
golang-fsnotify,17
golang-github-coreos-go-systemd,17
golang-github-mitchellh-mapstructure,17
golang-google-api,17
golang-toml,17
gssdp,17
haskell-distributive,17
haskell-gi-glib,17
haskell-http-conduit,17
haskell-optparse-applicative,17
haskell-profunctors,17
ipxe,17
jack-audio-connection-kit,17
libbigstringaf-ocaml-nbhp2,17
libchamplain,17
libconfuse,17
libdevel-globaldestruction-perl,17
libdv,17
libghc-distributive-dev-0.6.2.1-d9a73,17
libghc-distributive-prof-0.6.2.1-d9a73,17
libghc-hslua-core-dev-2.3.2-53d16,17
libghc-hslua-core-prof-2.3.2-53d16,17
libghc-unix-compat-dev-0.7.3-765ba,17
libghc-unix-compat-prof-0.7.3-765ba,17
libintl-perl,17
liblxqt,17
libmbim,17
libmodule-install-perl,17
libnet-ip-perl,17
libnet-server-perl,17
libnova,17
libre2-11-absl20240722,17
librest,17
librust-cipher-0.4+zeroize-dev,17
librust-clap-4+wrap-help-dev,17
librust-crossbeam-channel-0.5+default-dev,17
librust-futures-util-0.3+default-dev,17
librust-gio-0.20+default-dev,17
librust-gix-features-0.39+default-dev,17
librust-hmac-0.12+default-dev,17
librust-http-0.2+default-dev,17
librust-mime-0.3+default-dev,17
librust-num-cpus-1+default-dev,17
librust-paste-1+default-dev,17
librust-pin-project-1+default-dev,17
librust-termcolor-1+default-dev,17
librust-tower-service-0.3+default-dev,17
librust-tracing-0.1+std-dev,17
librust-unicode-segmentation-1+default-dev,17
librust-winapi-0.3+minwindef-dev,17
libwacom,17
libwebsockets,17
lomiri-app-launch,17
nextepc,17
ngtcp2,17
nlopt,17
node-object-assign,17
octomap,17
openbox,17
paraview,17
phosh,17
prismatic-schema-clojure,17
pupnp,17
puppet-module-puppetlabs-concat,17
python-cinderclient,17
python-pyasn1-modules,17
python-qrcode,17
python-termcolor,17
python-tooz,17
python-virtualenv,17
qtwebchannel-opensource-src,17
r-cran-colorspace,17
r-cran-r.rsp,17
r-cran-timedate,17
remmina,17
rhino,17
ros-bond-core,17
steptalk,17
subunit,17
suru-icon-theme,17
tidy-html5,17
trousers,17
tryton-modules-purchase,17
unidecode,17
xcb-util-image,17
xkeyboard-config,17
xml-core,17
xmlrpc-c,17
aalib,16
acorn,16
akonadi-calendar,16
antlr3,16
asn1crypto,16
astrometry.net,16
bamtools,16
bobcat,16
bsh,16
bubblewrap,16
budgie-extras,16
c++-compiler,16
chromaprint,16
cockpit,16
coin3,16
courier,16
discount,16
dnsmasq,16
dracut,16
dulwich,16
ecasound,16
eclipse-jdt-ui,16
eog,16
fastjet,16
fcitx5-table-other,16
flint,16
fonts-open-sans,16
forensics-samples,16
fping,16
freeciv,16
gir1.2-cairo-1.0,16
gkrellm,16
gnome-shell-extension-manager,16
golang-github-aws-aws-sdk-go,16
golang-github-fatih-color,16
golang-github-go-sql-driver-mysql,16
golang-github-google-go-querystring,16
golang-github-miekg-dns,16
golang-github-opencontainers-specs,16
golang-github-smartystreets-goconvey,16
golang-github-urfave-cli,16
golang-k8s-sigs-yaml,16
goocanvas-2.0,16
groff,16
gtk2-engines-murrine,16
gworkspace,16
haskell-base16-bytestring,16
haskell-crypton,16
haskell-hslua-marshalling,16
haskell-lifted-base,16
haskell-regex-tdfa,16
htsjdk,16
hypre,16
im-config,16
isc-dhcp,16
java6-runtime,16
javamail,16
kf6-kholidays,16
kitchensink-clojure,16
kmer,16
kwin,16
ldc,16
lemonldap-ng,16
libangstrom-ocaml-t3dv4,16
libass,16
libblas.so,16
libcryptx-perl,16
libdisplay-info,16
libdvdnav,16
libgedit-gtksourceview,16
libgetdata,16
libghc-gi-glib-dev-2.0.30-1cbbc,16
libghc-gi-glib-prof-2.0.30-1cbbc,16
libghc-lifted-base-dev-0.2.3.12-e8035,16
libghc-lifted-base-prof-0.2.3.12-e8035,16
libghc-prettyprinter-dev-1.7.1-263c6,16
libghc-prettyprinter-prof-1.7.1-263c6,16
libghc-tasty-dev-1.4.3-72017,16
libghc-tasty-prof-1.4.3-72017,16
libgnatcoll-db,16
libipc-system-simple-perl,16
libkpim6akonadimime6-24.12,16
libkpim6mailtransport6-24.12,16
liblogs-ocaml-jqsp7,16
libnfnetlink,16
libpciaccess,16
libphonenumber8t64-protobuf32,16
libphysfs,16
libpwquality,16
librabbitmq,16
librust-async-io-2+default-dev,16
librust-digest-0.10+std-dev,16
librust-filetime-0.2+default-dev,16
librust-futures-util-0.3+std-dev,16
librust-nix-0+default-dev,16
librust-rustls-native-certs-0.6+default-dev,16
librust-serde-yaml-0.9+default-dev,16
librust-tracing-0.1-dev,16
librust-winapi-0.3+winerror-dev,16
libsdl2-net,16
libtext-template-perl,16
libxml-libxslt-perl,16
libxmlada-dom-dev-3ce4a125,16
libxmlada-input-dev-22e31777,16
libxmlada-sax-dev-68924724,16
linux-base,16
linux-initramfs-tool,16
linux-signed-amd64,16
lomiri,16
lua-filesystem,16
lua5.2,16
maven-shared-utils,16
mawk,16
mhash,16
multcomp,16
node-tslib,16
openipmi,16
openjdk-21,16
openjfx,16
orcania,16
pdlapi-20,16
pfstools,16
php-pear,16
php-psr-event-dispatcher,16
php-psr-http-message,16
polkit-qt-1,16
portmidi,16
psi-plus,16
puppetlabs-i18n-clojure,16
pyenchant,16
python-arrow,16
python-osprofiler,16
python-socksipy,16
python-websockets,16
pyudev,16
qt6-websockets,16
qtgraphicaleffects-opensource-src,16
r-bioc-xvector,16
raptor2,16
rasterio,16
rhythmbox,16
rtaudio,16
ruby-minitest,16
runit,16
sidplay-libs,16
smartmontools,16
squashfs-tools,16
sra-sdk,16
starpu,16
ticcutils,16
totem,16
usbutils,16
uwsgi,16
velocity,16
agda,15
audiofile,15
autoconf,15
binutils-gold,15
bleak-retry-connector,15
bowtie2,15
brltty,15
clp,15
cmark-gfm,15
commons-parent,15
compiz,15
condor,15
console-setup,15
dav1d,15
debian-archive-keyring,15
doxia,15
efivar,15
erlang-p1-utils,15
ftgl,15
fwupd,15
gavl,15
geocode-glib,15
git-core,15
globus-gram-job-manager-scripts,15
globus-gssapi-error,15
globus-io,15
gnome-bluetooth3,15
gnome-terminal,15
golang-ginkgo,15
golang-github-docker-go-units,15
golang-github-prometheus-client-model,15
golang-go.uber-zap,15
golang-k8s-apimachinery,15
groovy,15
gtk-vnc,15
gtkspell3,15
haskell-haskell-gi,15
haskell-indexed-traversable,15
haskell-megaparsec,15
haskell-temporary,15
http-parser,15
hyphen,15
insubstantial,15
jackson-annotations,15
kf6-kquickcharts,15
kf6-networkmanager-qt,15
kpublictransport,15
libbigstringaf-ocaml-dev-nbhp2,15
libbpp-seq,15
libcpan-distnameinfo-perl,15
libdatetime-format-iso8601-perl,15
libemail-valid-perl,15
libfile-chdir-perl,15
libfile-copy-recursive-perl,15
libgeotiff,15
libghc-base16-bytestring-dev-1.0.2.0-03f49,15
libghc-base16-bytestring-prof-1.0.2.0-03f49,15
libghc-file-embed-dev-0.0.16.0-09709,15
libghc-file-embed-prof-0.0.16.0-09709,15
libghc-optparse-applicative-dev-0.18.1.0-b480a,15
libghc-optparse-applicative-prof-0.18.1.0-b480a,15
libghc-profunctors-dev-5.6.2-444e3,15
libghc-profunctors-prof-5.6.2-444e3,15
libghc-regex-tdfa-dev-1.3.2.2-429e6,15
libghc-temporary-dev-1.3-78eba,15
libghc-temporary-prof-1.3-78eba,15
libglib-perl,15
libgusb,15
libhttp-tiny-perl,15
libinih,15
libio-async-perl,15
libkpim6akonadicontactcore6-24.12,15
liblockfile,15
liblouis,15
libpackage-stash-perl,15
libperl4-corelibs-perl,15
librust-anstyle-1+default-dev,15
librust-bindgen-0.71+default-dev,15
librust-chrono-0.4+serde-dev,15
librust-clap-4+cargo-dev,15
librust-clap-complete-4+default-dev,15
librust-futures-util-0.3+alloc-dev,15
librust-gix-trace-0.1+default-dev,15
librust-lazy-regex-3+default-dev,15
librust-phf-0.11+default-dev,15
librust-rand-0.8-dev,15
librust-url-2+serde-dev,15
librust-uuid-1+v4-dev,15
librust-winapi-0.3+processthreadsapi-dev,15
librust-zeroize-1+zeroize-derive-dev,15
libshout,15
libsoftware-license-perl,15
libstring-shellquote-perl,15
libsvm,15
liburi-ocaml-g3wp4,15
libxml++2.6,15
libxml-dom-perl,15
libxmlada-schema-dev-e6391b3d,15
libxmlada-unicode-dev-40169e21,15
libxmlb,15
lmtest,15
lomiri-online-accounts-plugins,15
lsp-plugins,15
mapserver,15
mesa-demos,15
munge,15
munin,15
mupdf,15
neon27,15
netifaces,15
ngraph-gtk,15
node-mathjax-full,15
node-string-width,15
node-strip-ansi,15
nss-pam-ldapd,15
nx-libs,15
open3d,15
openafs,15
opensm,15
opensp,15
openturns,15
ortp,15
osgi-core,15
paperwork,15
pari,15
password-store,15
paste,15
pbseqlib,15
plexus-archiver,15
pluma,15
projectm,15
pyfai,15
python-gevent,15
python-jmespath,15
python-pint,15
python-reportlab,15
qt6-webview,15
r-cran-checkmate,15
r-cran-fs,15
r-cran-httr2,15
r-cran-lubridate,15
r-cran-mockery,15
r-cran-progress,15
r-cran-quantreg,15
r-cran-timeseries,15
rakudo,15
rtmidi,15
ruby-i18n,15
sch-rnd,15
sdl-net1.2,15
shishi,15
soapyosmo,15
spamassassin,15
tcl9.0,15
uhd,15
utf8proc,15
vitrage,15
wcstools,15
wcwidth,15
wine,15
x11-xkb-utils,15
x264,15
xclip,15
xscreensaver,15
yaz,15
antlr,14
armadillo,14
armnn,14
automake-1.17,14
blt,14
breeze,14
bullet,14
c-blosc,14
camv-rnd,14
castor,14
click,14
codemirror-js,14
coinor-cbc,14
datatables.js,14
dill,14
dns-root-data,14
dotconf,14
dpf-plugins,14
eiskaltdcpp,14
espeak,14
fakeroot,14
fbasics,14
fcitx-qt5,14
firebird3.0,14
fonts-cantarell,14
gauche,14
gcompris-qt,14
gl2ps,14
gnustep-dl2,14
golang-golang-x-mod,14
grantleetheme,14
groonga,14
gts,14
haskell-colour,14
haskell-cryptonite,14
haskell-http-client-tls,14
haskell-hunit,14
haskell-microlens,14
haskell-warp,14
hexchat,14
hkl,14
java2-runtime,14
java2-runtime-headless,14
jetty9,14
jquery-tablesorter,14
kauth,14
kbd,14
kf6-kidletime,14
kf6-ktexttemplate,14
kicad,14
kpeople,14
ksh93u+m,14
ktexteditor,14
lcmaps,14
libangstrom-ocaml-dev-t3dv4,14
libastring-ocaml-5e7v3,14
libbfio,14
libclass-tiny-perl,14
libcoq-mathcomp-ssreflect-08jv4,14
libcrypt-urandom-perl,14
libdbi,14
libdc1394,14
libebur128,14
libemail-address-xs-perl,14
libfile-pushd-perl,14
libfmt-ocaml-koo31,14
libgedit-tepl,14
libghc-crypton-dev-0.34-81a97,14
libghc-crypton-prof-0.34-81a97,14
libghc-ghc-bignum-dev-1.3-ff2dd,14
libghc-ghc-bignum-prof-1.3-ff2dd,14
libghc-hslua-marshalling-dev-2.3.1-10df5,14
libghc-hslua-marshalling-prof-2.3.1-10df5,14
libghc-http-conduit-dev-2.3.9-c0a21,14
libghc-http-conduit-prof-2.3.9-c0a21,14
libghc-regex-tdfa-prof-1.3.2.2-429e6,14
libgnatprj-dev-f0b19c45,14
libgnomekbd,14
libhtml-tagset-perl,14
libhtml-wikiconverter-perl,14
libhttp-server-simple-perl,14
libjdom1-java,14
libjsr305-java,14
libkleo,14
libkpim6akonadicontactwidgets6-24.12,14
libkpim6libkdepim6-24.12,14
liblist-allutils-perl,14
libmath-bigint-perl,14
libmodplug,14
libpinyin,14
libqtpas,14
librdkafka,14
librime,14
librust-clap-4+std-dev,14
librust-crc32fast-1+default-dev,14
librust-futures-util-0.3+io-dev,14
librust-generic-array-0.14+default-dev,14
librust-home-0.5+default-dev,14
librust-itertools-0.13+default-dev,14
librust-md-5-0.10+default-dev,14
librust-native-tls-0.2+default-dev,14
librust-nix-0.29+fs-dev,14
librust-num-traits-0.2+libm-dev,14
librust-proc-macro-error-1+default-dev,14
librust-rand-0.8+std-dev,14
librust-rustc-hash-2+default-dev,14
librust-rustc-std-workspace-core-1+default-dev,14
librust-rustls-0.23+std-dev,14
librust-symphonia-core-0.5+default-dev,14
librust-winapi-0.3+consoleapi-dev,14
libsigc++-3.0,14
libslirp,14
libstring-rewriteprefix-perl,14
libsub-exporter-progressive-perl,14
libsub-quote-perl,14
libtest-exception-perl,14
libtext-diff-perl,14
libthai,14
libtraceevent,14
libvirt-python,14
libvncserver,14
libxalan2-java,14
libxfce4windowing,14
libxml-commons-resolver1.1-java,14
libxml-xpath-perl,14
luasocket,14
magics++,14
mate-menus,14
maven-archiver,14
mediastreamer2,14
mopidy,14
mpeg2dec,14
mshr,14
mtools,14
multipath-tools,14
nanoc,14
node-codemirror-state,14
node-minimatch,14
node-moment,14
node-webpack,14
ode,14
openvlbi,14
pagure,14
php-psr-cache,14
php-psr-container,14
php-psr-http-factory,14
publicsuffix,14
pyopengl,14
pytables,14
python-jedi,14
python-neutron-lib,14
python-oslo.reports,14
python-oslo.versionedobjects,14
python-pykka,14
python-tzlocal,14
qt6-serialport,14
r-bioc-genomicfeatures,14
r-bioc-rsamtools,14
r-cran-desc,14
r-cran-formula,14
r-cran-ggrepel,14
r-cran-ragg,14
r-cran-rappdirs,14
rdflib,14
ring-clojure,14
robustbase,14
ros-diagnostics,14
ros-genmsg,14
ros2-rosidl,14
routes,14
ruby-listen,14
ruby-mime-types,14
rubygems,14
sail,14
sbuild,14
sddm,14
selinux-python,14
sensor-state-data,14
serd,14
snapd-glib,14
sortedcontainers,14
soundtouch,14
sysprof,14
tex-gyre,14
tools-logging-clojure,14
uwsgi-abi-fd03c85edfee33327ac760f246543e10,14
vecmath,14
vlc-plugin-abi-3-0-0ft64,14
whois,14
wordnet,14
xdp-tools,14
xom,14
xwayland,14
yuma123,14
ayatana-ido,13
babl,13
backoff,13
brasero,13
callaudiod,13
camitk,13
coda,13
commons-beanutils,13
compat-el,13
debian-reference,13
djangorestframework,13
dom4j,13
expect,13
fcitx5-gtk,13
glmark2,13
gmime,13
gmobile,13
gnome-autoar,13
gnome-software,13
gnudatalanguage,13
golang-ginkgo-dev,13
golang-github-creack-pty,13
golang-github-go-openapi-swag,13
golang-github-gorilla-websocket,13
golang-github-pmezard-go-difflib,13
golang-k8s-api,13
golang-k8s-klog,13
golang-k8s-utils,13
golang-opentelemetry-otel,13
gromacs,13
gtools,13
guichan,13
gyoto,13
haskell-asn1-types,13
haskell-extra,13
haskell-gi-gobject,13
haskell-th-lift,13
haskell-xml-types,13
hime,13
iniparser,13
isodate,13
junit,13
kcalutils,13
kcmutils,13
kdecoration,13
kldap,13
leptonlib,13
libastring-ocaml-dev-5e7v3,13
libauthen-simple-perl,13
libayatana-indicator,13
libbit-vector-perl,13
libcamera,13
libcamlp-streams-ocaml-0lin0,13
libccp4,13
libchewing,13
libchi-perl,13
libconst-fast-perl,13
libcrypt-rijndael-perl,13
libdap,13
libdata-compare-perl,13
libdecor-0,13
libdigest-md5-perl,13
libdomain-name-ocaml-bga74,13
libetonyek,13
libfcgi,13
libffado,13
libgda5,13
libghc-colour-dev-2.3.6-69adb,13
libghc-colour-prof-2.3.6-69adb,13
libghc-contravariant-dev-1.5.5-beebf,13
libghc-contravariant-prof-1.5.5-beebf,13
libghc-indexed-traversable-dev-0.1.4-c2a22,13
libghc-indexed-traversable-prof-0.1.4-c2a22,13
libghc-megaparsec-dev-9.5.0-f29b1,13
libghc-megaparsec-prof-9.5.0-f29b1,13
libghc-th-lift-dev-0.8.4-95248,13
libghc-th-lift-prof-0.8.4-95248,13
libglu-dev,13
libgnatcoll-dev-814b33e1,13
libhttp-daemon-perl,13
libimage-size-perl,13
liblingua-en-inflect-perl,13
libmodule-build-perl,13
libmoosex-strictconstructor-perl,13
libmpdclient,13
libnbd,13
libnfc,13
libnice,13
libosinfo,13
libqmi,13
librandombytes,13
librdf-query-perl,13
librust-ahash-0.8+default-dev,13
librust-arrayvec-0.7+default-dev,13
librust-atty-0.2+default-dev,13
librust-autocfg-1+default-dev,13
librust-bincode-1+default-dev,13
librust-clap-4+env-dev,13
librust-env-logger-0.11+default-dev,13
librust-futures-lite-2+default-dev,13
librust-gix-fs-0.12+default-dev,13
librust-gstreamer-0.23+default-dev,13
librust-nix-0.29+default-dev,13
librust-openssl-0.10+default-dev,13
librust-rand-core-0.6-dev,13
librust-ring-0.17+default-dev,13
librust-rustc-hash-1+default-dev,13
librust-rustix-0.38+std-dev,13
librust-rustls-0.23+logging-dev,13
librust-rustls-0.23+tls12-dev,13
librust-rustversion-1+default-dev,13
librust-syn-1+parsing-dev,13
librust-syn-2+visit-dev,13
librust-time-0.3+local-offset-dev,13
librust-tokio-util-0.7+codec-dev,13
librust-wayland-backend-0.3+default-dev,13
librust-winapi-0.3+processenv-dev,13
libscope-guard-perl,13
libsemanage,13
libsepol,13
libtext-glob-perl,13
libtext-unidecode-perl,13
libtommath,13
liburi-ocaml-dev-g3wp4,13
libverto,13
limesuite,13
lomiri-thumbnailer,13
lomiri-url-dispatcher,13
maven-compiler-plugin,13
maven-reporting-api,13
med-fichier,13
metis,13
mksh,13
mmdb,13
ncbi-vdb,13
netcat-openbsd,13
nibabel,13
nlohmann-json3,13
node-babel7,13
node-kind-of,13
node-rollup-pluginutils,13
oath-toolkit,13
odc,13
opencore-amr,13
openmm,13
openpyxl,13
orc,13
pdns,13
plexus-interpolation,13
plexus-xml,13
podman,13
proftpd-abi-1.3.8c,13
prototypejs,13
pyqt5-sip,13
python-deadlib,13
python-exceptiongroup,13
python-fasteners,13
python-json-patch,13
python-ldap,13
python-mysqldb,13
python-oslo.privsep,13
python-watchdog,13
qatlib,13
qdbm,13
qt6-location,13
qtmir,13
r-bioc-matrixgenerics,13
r-cran-biocmanager,13
r-cran-gtable,13
r-cran-haven,13
r-cran-kernlab,13
r-cran-magick,13
r-cran-plm,13
r-cran-randomforest,13
r-cran-reticulate,13
r-cran-rstanarm,13
r-cran-svglite,13
renaissance,13
rime-luna-pinyin,13
ros-urdf,13
ruby-fog-core,13
snowball,13
soci,13
spglib,13
sphinxbase,13
ssh-askpass,13
starjava-util,13
tachyon,13
tcllib,13
transmission,13
tree-sitter,13
tryton-modules-carrier,13
uimaj,13
usb.ids,13
vim-addon-manager,13
virtual-mysql-client,13
wireless-tools,13
xawtv,13
xmlgraphics-commons,13
xplanet,13
yder,13
zita-resampler,13
zxing-cpp,13
aiofiles,12
android-platform-frameworks-base,12
apel,12
asciidoctor,12
aubio,12
awesomeversion,12
axiom,12
binfmt-support,12
bitlbee,12
bridge-utils,12
bwa,12
cjk,12
cl-ppcre,12
cmark,12
coinor-osi,12
colord-gtk,12
cupt,12
cvs,12
db-defaults,12
debian-edu-artwork,12
devhelp,12
dico,12
dolphin,12
domdf-python-tools,12
dvd+rw-tools,12
edk2,12
espa-nol,12
feedparser,12
ffmpegthumbnailer,12
flexi-streams,12
fonts-ipafont,12
fsspec,12
fstrm,12
gamemode,12
gcin,12
gdm3,12
gegl,12
gir1.2-gdkpixbuf-2.0-dev,12
gir1.2-xlib-2.0,12
glib-networking,12
glibmm2.68,12
globus-scheduler-event-generator,12
globus-xio-gsi-driver,12
gmerlin,12
golang-dbus,12
golang-github-cenkalti-backoff,12
golang-github-gin-gonic-gin,12
golang-github-opentracing-opentracing-go,12
golang-github-spf13-viper,12
golang-google-cloud,12
golang-google-genproto,12
golang-k8s-client-go,12
golang-prometheus-client-dev,12
granite,12
grass,12
gucharmap,12
guitarix,12
haskell-asn1-encoding,12
haskell-persistent,12
haskell-streaming-commons,12
haskell-yaml,12
haskell-yesod-core,12
hivex,12
home-assistant-bluetooth,12
icinga-php-library,12
ieee-data,12
ipywidgets,12
isc-kea,12
javahelp2,12
jbigkit,12
kaccounts-integration,12
kcalcore,12
kdeplasma-addons,12
kf6-kdnssd,12
kf6-krunner,12
kodi,12
kodi-api-screensaver,12
kwayland-kf5,12
lammps,12
ldns,12
libaliased-perl,12
libattean-perl,12
libbs2b,12
libclojure1.8-java,12
libconfig-model-perl,12
libctl,12
libdancer-perl,12
libei,12
libepubgen,12
libfmt-ocaml-dev-koo31,12
libforms,12
libghc-bifunctors-dev-5.6.2-dc268,12
libghc-bifunctors-prof-5.6.2-dc268,12
libghc-cabal-dev-3.10.3.0-8d809,12
libghc-cabal-prof-3.10.3.0-8d809,12
libghc-cryptonite-dev-0.30-423e0,12
libghc-cryptonite-prof-0.30-423e0,12
libghc-ghc-dev-9.6.6-2b207,12
libghc-ghc-prof-9.6.6-2b207,12
libghc-gi-gobject-dev-2.0.31-f84a5,12
libghc-gi-gobject-prof-2.0.31-f84a5,12
libghc-http-client-tls-dev-0.3.6.3-89c28,12
libghc-http-client-tls-prof-0.3.6.3-89c28,12
libghc-hunit-dev-1.6.2.0-8f012,12
libghc-hunit-prof-1.6.2.0-8f012,12
libghc-microlens-dev-0.4.13.1-85d93,12
libghc-microlens-prof-0.4.13.1-85d93,12
libghc-xml-types-dev-0.3.8-1cfeb,12
libghc-xml-types-prof-0.3.8-1cfeb,12
libgnatcoll,12
libhash-merge-simple-perl,12
libhttp-cookies-perl,12
libipaddr-ocaml-45r10,12
libisoburn,12
liblogs-ocaml-dev-jqsp7,12
libmatio,12
libmediainfo,12
libmusicbrainz5,12
libmwaw,12
libnet-snmp-perl,12
libnetfilter-conntrack,12
libopendbx,12
libosmo-abis,12
libparallel-forkmanager-perl,12
libperl-critic-perl,12
libqofono,12
libquazip,12
librust-async-channel-2+default-dev,12
librust-chrono-tz+default-dev,12
librust-crossterm-0.27+default-dev,12
librust-either-1+default-dev,12
librust-futures-util-0.3+sink-dev,12
librust-gio-sys-0.20+default-dev,12
librust-indexmap-2+serde-dev,12
librust-js-sys-0.3+default-dev,12
librust-libm-0.2+default-dev,12
librust-nix-0+fs-dev,12
librust-rustls-0.23+ring-dev,12
librust-rustls-pki-types-1+default-dev,12
librust-serde-1+rc-dev,12
librust-serde-1+serde-derive-dev,12
librust-syn-2+visit-mut-dev,12
librust-tokio-stream-0.1+default-dev,12
librust-tokio-util-0.7+io-dev,12
librust-version-check-0.9+default-dev,12
librust-winapi-0.3+fileapi-dev,12
librust-winapi-0.3+std-dev,12
libshumate,12
libsql-abstract-perl,12
libssw,12
libstaroffice,12
libtest2-suite-perl,12
libvdpau,12
libwpg,12
libxfont,12
libyaml-pp-perl,12
libz-dev,12
link-grammar,12
links2,12
lomiri-system-settings,12
lpr,12
m17n-lib,12
mailcap,12
mcpl,12
menu-cache,12
microbiomeutil,12
monitoring-plugins,12
natsort,12
navit,12
nethack,12
node-isobject,12
node-loader-utils,12
node-postcss,12
node-schema-utils,12
node-xtend,12
ntfs-3g,12
opencc,12
openni,12
org-mode,12
orthanc,12
packagekit-qt,12
pdksh,12
poppler-data,12
profnet,12
pycountry,12
pyinotify,12
python-configargparse,12
python-fixtures,12
python-gnupg,12
python-pysnmp4,12
python-systemd,12
qcustomplot,12
qt6-sensors,12
qttranslations-opensource-src,12
quilt,12
r-bioc-singlecellexperiment,12
r-cran-aer,12
r-cran-brms,12
r-cran-crul,12
r-cran-devtools,12
r-cran-openssl,12
r-cran-pkgload,12
r-cran-rcurl,12
r-cran-rprojroot,12
r-cran-rstan,12
rgl,12
ros-image-transport-plugins,12
ros2-rcutils,12
routino,12
rtl-sdr,12
ruby-base64,12
ruby-eventmachine,12
ruby-mail,12
ruby-net-ssh,12
runc,12
sdlgfx,12
setools,12
sg3-utils,12
siscone,12
solid,12
tcpdump,12
timbl,12
tinycdb,12
toolz,12
tor,12
trapperkeeper-clojure,12
twolame,12
typer,12
uchardet,12
valgrind,12
vanessa-logger,12
wireplumber,12
wl-clipboard,12
wlroots,12
x265,12
xdg-desktop-portal-gtk,12
xdg-user-dirs,12
xmltooling,12
xorg-input-abi-24,12
yt-dlp,12
zita-convolver,12
a52dec,11
adwaita-qt,11
alsaplayer,11
apbs,11
binutils-mingw-w64,11
bioperl-run,11
biosig,11
boinc,11
caribou,11
cddlib,11
cheshire-clojure,11
clisp,11
commons-math,11
cpdb-libs,11
cxxtools,11
debian-gis,11
drascula,11
dvipng,11
epics-base,11
excalibur-logkit,11
expeyes,11
f-el,11
fenics-ffcx,11
ffc,11
fluid-soundfont,11
fonts-noto-cjk,11
fop,11
freealut,11
gammu,11
gap-gapdoc,11
gavodachs,11
gdisk,11
gir1.2-gtk-4.0-dev,11
globus-gsi-callback,11
globus-openssl-module,11
glycin,11
gnokii,11
gnome-desktop-testing,11
gnome-panel,11
goffice,11
golang-github-coreos-bbolt,11
golang-github-go-openapi-strfmt,11
golang-github-golang-groupcache,11
golang-github-golang-mock,11
golang-github-golang-protobuf-1-3,11
golang-github-json-iterator-go,11
golang-github-pelletier-go-toml,11
golang-github-rivo-uniseg,11
gridengine,11
gtk-d,11
gumbo-parser,11
gupnp-av,11
gwyddion,11
haskell-byteable,11
haskell-call-stack,11
haskell-free,11
haskell-gi-gdk,11
haskell-hspec-core,11
haskell-monad-logger,11
haskell-pretty-show,11
haskell-these,11
haskell-xml,11
hmmer,11
hslogger,11
i2c-tools,11
icinga2,11
insighttoolkit5,11
jakarta-jmeter,11
javabeans-activation-framework,11
jre,11
kdb,11
kwalletmanager,11
kwayland,11
leveldb,11
libapache-session-perl,11
libapt-pkg-perl,11
libatlas-base-dev,11
libb-hooks-endofscope-perl,11
libb64,11
libblas64.so.3,11
libcatalyst-plugin-session-perl,11
libcohttp-ocaml-r3p82,11
libcommons-net-java,11
libconfig-simple-perl,11
libcurl-dev,11
libdatetime-format-builder-perl,11
libdomain-name-ocaml-dev-bga74,11
libdune-common-2.10.0,11
libemail-mime-perl,11
libemail-sender-perl,11
libewf,11
libfindlib-ocaml-8k3o3,11
libghc-asn1-encoding-dev-0.9.6-66219,11
libghc-asn1-encoding-prof-0.9.6-66219,11
libghc-asn1-types-dev-0.3.4-b8a10,11
libghc-asn1-types-prof-0.3.4-b8a10,11
libghc-extra-dev-1.7.16-3b04b,11
libghc-extra-prof-1.7.16-3b04b,11
libghc-free-dev-5.2-73b8a,11
libghc-free-prof-5.2-73b8a,11
libghc-warp-dev-3.3.31-b403a,11
libghc-warp-prof-3.3.31-b403a,11
libgnatcoll-bindings,11
libhamcrest-java,11
libiio,11
libinstpatch,11
libio-all-perl,11
libio-pty-perl,11
libjaxp1.3-java,11
libkpim6libkleo6-24.12,11
libkpim6pimcommonakonadi6-24.12,11
liblangtag,11
liblapack.so,11
liblist-someutils-perl,11
libmikmod,11
libmime-lite-perl,11
libmodule-find-perl,11
libmoox-types-mooselike-perl,11
libmysofa,11
libnb-platform18-java,11
libnetfilter-queue,11
libonig,11
libopenmpt,11
libosmo-netif,11
libotr,11
libpappsomspp,11
libpgjava,11
libqalculate,11
libquicktime,11
librda,11
libreact-ocaml-qf139,11
librust-ansi-term-0.12+default-dev,11
librust-bitflags-2+serde-dev,11
librust-bstr-1-dev,11
librust-byteorder-1-dev,11
librust-bytes-1-dev,11
librust-compiler-builtins-0.1+default-dev,11
librust-data-encoding-2+default-dev,11
librust-derive-builder-0.20+default-dev,11
librust-getopts-0.2+default-dev,11
librust-gix-date-0.9+default-dev,11
librust-gix-hash-0.15+serde-dev,11
librust-gix-utils-0.1+default-dev,11
librust-glib-sys-0.18+default-dev,11
librust-gstreamer-0.23+v1-18-dev,11
librust-gstreamer-0.23+v1-20-dev,11
librust-memchr-2+std-dev,11
librust-openssl-sys-0.9+default-dev,11
librust-portable-atomic-1+default-dev,11
librust-rand-core-0.6+getrandom-dev,11
librust-serde-bytes-0.11+default-dev,11
librust-tinyvec-1+alloc-dev,11
librust-wasm-bindgen-0.2+default-dev,11
librust-wayland-client-0.31+default-dev,11
librust-winnow-0.6+default-dev,11
libsdl3,11
libset-object-perl,11
libspelling,11
libspreadsheet-parseexcel-perl,11
libstruct-dumb-perl,11
libusermetrics,11
libxnvctrl,11
libxs-parse-keyword-perl,11
libxxf86dga,11
libzarith-ocaml-h79v1,11
lintian,11
lua-lpeg,11
lxqt-qtplugin,11
lxqt-session,11
mafft,11
mailimporter,11
manpages-l10n,11
mapnik,11
maven-jar-plugin,11
metacity,11
mingw-w64,11
mmdebstrap,11
mtdev,11
muparser,11
nbdkit,11
nexus,11
node-concat-stream,11
node-escape-string-regexp,11
node-html5shiv,11
node-iconv-lite,11
node-parse5,11
node-plugin-error,11
node-which,11
node-yargs,11
ocaml-xiph,11
open-iscsi,11
opendkim,11
orca,11
owncloud-client,11
parallel,11
pci.ids,11
pd-pddp,11
plexus-build-api,11
policycoreutils,11
popper.js,11
postgis,11
potrace,11
primesieve,11
pristine-tar,11
proftpd-dfsg,11
pycodestyle,11
pylint,11
pypdf,11
pyqt5webengine,11
pysiogame,11
python-anyio,11
python-cssselect,11
python-django-storages,11
python-dotenv,11
python-geopandas,11
python-heatclient,11
python-html2text,11
python-humanize,11
python-icalendar,11
python-imageio,11
python-kubernetes,11
python-memcache,11
python-oslo.rootwrap,11
python-pathspec,11
python-pyasyncore,11
python-wrapt,11
python-zstandard,11
qt6-connectivity,11
qt6-waylandclient-private-abi,11
qtspeech-opensource-src,11
r-bioc-edger,11
r-cran-backports,11
r-cran-dt,11
r-cran-future.apply,11
r-cran-hms,11
r-cran-httpuv,11
r-cran-irlba,11
r-cran-iterators,11
r-cran-lavaan,11
r-cran-memoise,11
r-cran-microbenchmark,11
r-cran-processx,11
r-cran-raster,11
r-cran-rdpack,11
r-cran-rstantools,11
r-cran-spatstat.geom,11
r-cran-spatstat.utils,11
r-cran-statmod,11
redis,11
remctl,11
rocblas,11
rocrand,11
ros-catkin-pkg,11
rtmpdump,11
rtpengine,11
ruby-gettext,11
ruby-jwt,11
ruby-narray,11
saxonhe,11
sharutils,11
snakeyaml,11
socat,11
spatialite,11
ssreflect,11
starjava-table,11
system-log-daemon,11
time,11
tpm-udev,11
tryton-modules-account-product,11
ukui-app-widget,11
umockdev,11
unifont,11
unixcw,11
vala-panel,11
virtual-mysql-server,11
vkd3d,11
wish,11
xboard,11
xcb-util-cursor,11
xcb-util-renderutil,11
xdotool,11
xpdf,11
yubihsm-shell,11
zephyr,11
zookeeper,11
zvbi,11
abiword,10
acl2,10
adns,10
ann,10
aodh,10
aom,10
apache-curator,10
apt-file,10
auctex,10
autopkgtest,10
babeltrace,10
bamf,10
bemenu,10
c-shell,10
caja-extensions,10
calendarsupport,10
calibre,10
ceres-solver,10
cgal,10
cl-fiveam,10
cln,10
codeblocks,10
colobot,10
commons-text,10
construct,10
cppdb,10
criu,10
cwiid,10
dbus-cpp,10
dbuskit,10
debhelper-compat,10
debian-edu-router,10
debian-keyring,10
dee,10
dhcpcd,10
dpkg-cross,10
dsfmt,10
enca,10
exempi,10
firewalld,10
fonts-fork-awesome,10
foomatic-filters,10
fplll,10
freedoom,10
fricas,10
genometools,10
geronimo-jms-1.1-spec,10
gflags,10
ghdl,10
gir1.2-gmodule-2.0,10
globus-ftp-client,10
globus-gass-transfer,10
gnome-control-center,10
golang-github-cespare-xxhash,10
golang-github-dustin-go-humanize,10
golang-github-gdamore-tcell.v2,10
golang-github-golang-jwt-jwt,10
golang-github-hashicorp-go-cleanhttp,10
golang-github-hashicorp-go-retryablehttp,10
golang-github-jacobsa-oglematchers,10
golang-github-lib-pq,10
golang-github-lucasb-eyer-go-colorful,10
golang-github-mgutz-ansi,10
golang-github-moby-sys,10
golang-github-olekukonko-tablewriter,10
golang-github-pion-logging,10
golang-github-pion-transport,10
golang-github-vishvananda-netlink,10
golang-go-flags,10
golang-go.uber-multierr,10
golang-gopkg-mgo.v2,10
gplots,10
gsoap,10
gst-python1.0,10
gv,10
haskell-basement,10
haskell-bifunctors,10
haskell-constraints,10
haskell-fast-logger,10
haskell-hourglass,10
haskell-microlens-platform,10
haskell-prettyprinter-ansi-terminal,10
haskell-rio,10
haskell-shakespeare,10
haskell-th-lift-instances,10
haskell-time-compat,10
haskell-uniplate,10
hfst,10
hisat2,10
imagej,10
ipe,10
java3d,10
java6-runtime-headless,10
jellyfish,10
jing-trang,10
jsch,10
kactivities-kf5,10
kf6-breeze-icons,10
kf6-kpty,10
kf6-threadweaver,10
kfilemetadata-kf5,10
kodi-api-visualization,10
kpimtextedit,10
kproperty,10
kyotocabinet,10
libapreq2,10
libatasmart,10
libb-hooks-op-check-perl,10
libbpp-phyl,10
libburn,10
libcache-cache-perl,10
libcarp-assert-perl,10
libcddb,10
libcgi-session-perl,10
libcifpp,10
libclass-accessor-lite-perl,10
libcloudproviders,10
libcommons-collections4-java,10
libconvert-asn1-perl,10
libcpan-meta-perl,10
libdata-page-perl,10
libdatetime-set-perl,10
libdiscid,10
libdivsufsort,10
libemail-simple-perl,10
libev-perl,10
libexporter-lite-perl,10
libexttextcat,10
libfile-slurper-perl,10
libg3d,10
libgedit-amtk,10
libghc-byteable-dev-0.1.1-b2923,10
libghc-byteable-prof-0.1.1-b2923,10
libghc-call-stack-dev-0.4.0-75c33,10
libghc-call-stack-prof-0.4.0-75c33,10
libghc-streaming-commons-dev-0.2.2.6-510f4,10
libghc-streaming-commons-prof-0.2.2.6-510f4,10
libghc-yesod-core-dev-1.6.26.0-b140b,10
libghc-yesod-core-prof-1.6.26.0-b140b,10
libhash-multivalue-perl,10
libimport-into-perl,10
libipaddr-ocaml-dev-45r10,10
libjaxen-java,10
libkcddb,10
libkpim6gapicore6-24.12,10
libmarc-record-perl,10
libmodule-metadata-perl,10
libmoosex-types-path-class-perl,10
libnet-dbus-perl,10
libnet-http-perl,10
libopm-common-2024.10,10
liboro-java,10
libosmo-sigtran,10
libresult-ocaml-dev-ah6e5,10
librust-aes-0.8+default-dev,10
librust-async-lock-3+default-dev,10
librust-bstr-1+default-dev,10
librust-bstr-1+unicode-dev,10
librust-digest-0.10+oid-dev,10
librust-gdk4-0.9+default-dev,10
librust-gstreamer-0.23+v1-16-dev,10
librust-gstreamer-0.23+v1-22-dev,10
librust-gstreamer-0.23+v1-24-dev,10
librust-gstreamer-0.23+v1-26-dev,10
librust-hashbrown-0.14+default-dev,10
librust-http-body-1+default-dev,10
librust-indexmap+default-dev,10
librust-log-0.4-dev,10
librust-netlink-packet-core-0.7+default-dev,10
librust-netlink-packet-utils-0.5+default-dev,10
librust-nix-0.29+signal-dev,10
librust-proc-macro-crate-1+default-dev,10
librust-rand-0.8+std-rng-dev,10
librust-rustls-pemfile-2+default-dev,10
librust-serde-json-1+preserve-order-dev,10
librust-socket2-0.5+all-dev,10
librust-syn-1+visit-dev,10
librust-syn-1+visit-mut-dev,10
librust-tokio-1+full-dev,10
librust-tokio-native-tls-0.3+default-dev,10
librust-toml-0.5+default-dev,10
librust-zeroize-1+alloc-dev,10
libsdl2-gfx,10
libspectre,10
libsql-translator-perl,10
libtest-pod-perl,10
libthrowable-perl,10
libtorrent-rasterbar,10
libunicode-linebreak-perl,10
libunity,10
libvpl,10
libwpd,10
libwps,10
libxpertmass,10
libxstream-java,10
libzarith-ocaml-dev-h79v1,10
lomiri-system-settings-online-accounts,10
lorene,10
lshw,10
lxqt-globalkeys,10
lxqt-policykit,10
mailcommon,10
mate-polkit,10
metkit,10
mimetreeparser,10
moreutils,10
mpfi,10
muffin,10
mummer,10
muscle,10
mxml,10
mypy,10
nas,10
nautilus-python,10
netcdf4-python,10
netgen,10
neverball,10
nfs-ganesha,10
node-define-property,10
node-diff,10
node-es5-ext,10
node-fortawesome-fontawesome-free,10
node-js-yaml,10
node-loose-envify,10
node-lru-cache,10
node-lunr,10
node-once,10
node-prop-types,10
node-signal-exit,10
node-theming,10
node-through,10
normaliz,10
norwegian,10
ntl,10
ntpsec,10
numba,10
numexpr,10
ogre-1.12,10
olm,10
openconnect,10
openjdk-25,10
openms,10
openoffice.org-updatedicts,10
openxr-sdk-source,10
oxigraph,10
papers,10
pdp,10
persalys,10
php-psr-clock,10
pigz,10
pktools,10
plexus-compiler,10
psutils,10
puppet-module-puppetlabs-apt,10
pyflakes,10
pyqt6-sip,10
python-acme,10
python-asgiref,10
python-barbicanclient,10
python-coloredlogs,10
python-coverage,10
python-deprecated,10
python-django-compressor,10
python-ecdsa,10
python-google-auth,10
python-lz4,10
python-oslo.cache,10
python-pyelftools,10
python-tinycss2,10
python-vobject,10
python-xlrd,10
python-zombie-imp,10
qpdf,10
qt6-shadertools,10
qt6-virtualkeyboard,10
r-bioc-rhdf5,10
r-bioc-sparsearray,10
r-bioc-zlibbioc,10
r-cran-cardata,10
r-cran-class,10
r-cran-e1071,10
r-cran-gam,10
r-cran-geepack,10
r-cran-glmnet,10
r-cran-ordinal,10
r-cran-patchwork,10
r-cran-pbapply,10
r-cran-rjson,10
r-cran-spatstat,10
r-cran-spdep,10
r-cran-vcr,10
r-cran-vgam,10
r-cran-webfakes,10
r-cran-xts,10
requests-file,10
retroarch,10
ros-navigation-msgs,10
ros-resource-retriever,10
ros2-rcpputils,10
ruby-omniauth-oauth2,10
ruby-pg,10
ruby-sinatra,10
ruby-sqlite3,10
ruby-zip,10
rust-netlink-sys,10
saods9,10
screen,10
scummvm,10
seabios,10
setuptools-scm,10
shibboleth-sp,10
sisu,10
slingshot-clojure,10
snd,10
sound-theme-freedesktop,10
spatialindex,10
spyder,10
staden-io-lib,10
stk,10
supercollider-sc3-plugins,10
superlu-dist,10
svt-av1,10
sword,10
swtpm,10
tango-icon-theme,10
tasmanian,10
tcsh,10
telepathy-qt,10
tftp-hpa,10
tmux,10
tre,10
tree,10
ujson,10
v-sim,10
vamp-plugin-sdk,10
voms,10
waylandpp,10
wpa,10
wtforms,10
x2gothinclient,10
xapian-bindings,10
xdg-desktop-portal,10
xfsprogs,10
xmedcon,10
xsel,10
xz-java,10
zita-alsa-pcmi,10
aiodns,9
amule,9
android-platform-art,9
appmenu-gtk-module,9
arch-test,9
arctica-greeter,9
ardour,9
asciidoc,9
ayatana-indicator-messages,9
baresip,9
bladerf,9
blendsel,9
breeze-icons,9
capnproto,9
cdrdao,9
celery,9
charliecloud,9
cherrypy3,9
cl-kmrcl,9
cl-rt,9
clj-time-clojure,9
clucene-core,9
clutter-gst-3.0,9
cme,9
cod-tools,9
coinor-cgl,9
consolekit2,9
containerd,9
crawl,9
cuneiform,9
defcon,9
deviceinfo,9
dh-make-perl,9
dibbler,9
doxygen,9
elpa-transient,9
emoslib,9
fenics-ufl,9
flatbuffers,9
font-manager,9
fonts-adf,9
fonts-samyak,9
freediameter,9
ftxui,9
game-data-packager,9
gatb-core,9
gcc-arm-none-eabi,9
geronimo-jta-1.2-spec,9
gerris,9
gir1.2-gdk-4.0,9
git-buildpackage,9
gnunet,9
gnupg1,9
golang-github-go-logr-logr,9
golang-github-go-test-deep,9
golang-github-google-btree,9
golang-github-imdario-mergo,9
golang-github-juju-testing,9
golang-github-julienschmidt-httprouter,9
golang-github-kylelemons-godebug,9
golang-github-mdlayher-netlink,9
golang-github-prometheus-common,9
golang-github-protonmail-go-crypto,9
golang-github-sergi-go-diff,9
golang-github-sigstore-sigstore,9
golang-github-ulikunitz-xz,9
golang-github-zclconf-go-cty,9
golang-glog,9
golang-golang-x-xerrors,9
golang-gopkg-errgo.v1,9
golang-uber-goleak,9
googletest,9
gorm.app,9
gr-osmosdr,9
gradle,9
graphite2,9
gretl,9
gstreamer-editing-services1.0,9
haskell-contravariant,9
haskell-entropy,9
haskell-gi-gdkpixbuf,9
haskell-gi-gio,9
haskell-gi-gtk,9
haskell-half,9
haskell-io-streams,9
haskell-mime-types,9
haskell-mono-traversable,9
haskell-network-bsd,9
haskell-old-time,9
haskell-pandoc-types,9
haskell-src-exts,9
haskell-src-meta,9
haskell-time-locale-compat,9
haskell-vault,9
haskell-wai-extra,9
haskell-yi-language,9
haskell-yi-rope,9
host,9
info-browser,9
inotify-tools,9
ipmitool,9
iw,9
java5-runtime-headless,9
jcommander,9
jersey1,9
jeuclid,9
jglobus,9
jmol,9
jose,9
jsoup,9
judy,9
jupyter-notebook,9
kdeconnect,9
kdevelop,9
kdiagram,9
kdialog,9
kerberos-configs,9
kf6-bluez-qt,9
kf6-kunitconversion,9
ksyntax-highlighting,9
leaflet,9
libaccounts-glib,9
libambix,9
libapp-cmd-perl,9
libautobox-perl,9
libb2,9
libbusiness-onlinepayment-perl,9
libcache-memcached-perl,9
libcatalyst-plugin-authentication-perl,9
libclass-isa-perl,9
libcohttp-lwt-ocaml-p3nw7,9
libcohttp-ocaml-dev-r3p82,9
libcommuni,9
libcpan-meta-requirements-perl,9
libcrypt-cbc-perl,9
libcrypt-des-perl,9
libdata-dumper-concise-perl,9
libdata-optlist-perl,9
libdata-uuid-perl,9
libdata-validate-ip-perl,9
libdata-visitor-perl,9
libdisorder,9
libdnf,9
libencode-locale-perl,9
libfastutil-java,9
libfile-basedir-perl,9
libfile-mimeinfo-perl,9
libfreenect,9
libgdf,9
libghc-basement-dev-0.0.16-03851,9
libghc-basement-prof-0.0.16-03851,9
libghc-constraints-dev-0.14.2-50ef2,9
libghc-constraints-prof-0.14.2-50ef2,9
libghc-gi-gdk-dev-3.0.29-bb1e9,9
libghc-gi-gdk-prof-3.0.29-bb1e9,9
libghc-hslogger-dev-1.3.1.1-33d73,9
libghc-hslogger-prof-1.3.1.1-33d73,9
libghc-hspec-core-dev-2.11.9-d7dcb,9
libghc-hspec-core-prof-2.11.9-d7dcb,9
libghc-old-time-dev-1.1.0.4-663e0,9
libghc-old-time-prof-1.1.0.4-663e0,9
libghc-pem-dev-0.2.4-a2173,9
libghc-pem-prof-0.2.4-a2173,9
libghc-persistent-dev-2.14.6.3-ec8ab,9
libghc-persistent-prof-2.14.6.3-ec8ab,9
libghc-pretty-show-dev-1.10-a6ef0,9
libghc-pretty-show-prof-1.10-a6ef0,9
libghc-these-dev-1.2.1-9ab27,9
libghc-these-prof-1.2.1-9ab27,9
libghc-xml-dev-1.3.14-8a6bc,9
libghc-xml-prof-1.3.14-8a6bc,9
libghc-yaml-dev-0.11.11.2-e4509,9
libghc-yaml-prof-0.11.11.2-e4509,9
libgit-wrapper-perl,9
libgnome-games-support1,9
libinfinity,9
libisal,9
libkpim6akonadicalendar6-24.12,9
libkpim6calendarutils6-24.12,9
liblapack64.so.3,9
liblocale-codes-perl,9
liblwt-log-ocaml-dz1h5,9
liblzf,9
libmcrypt,9
libmldbm-perl,9
libmng,9
libmodern-perl-perl,9
libmodule-cpanfile-perl,9
libmoosex-nonmoose-perl,9
libmp3-info-perl,9
libndr6,9
libnet-idn-encode-perl,9
libnet-perl,9
libnfs,9
libodb,9
libparams-classify-perl,9
libpath-iterator-rule-perl,9
libpdf-api2-perl,9
libpod-pom-perl,9
libproc-processtable-perl,9
libreact-ocaml-dev-qf139,9
libresult-ocaml-ah6e5,9
libretro-frontend,9
librsync,9
librust-arc-swap-1+default-dev,9
librust-cc-1+parallel-dev,9
librust-chrono-0.4-dev,9
librust-cpufeatures-0.2+default-dev,9
librust-crc-3+default-dev,9
librust-csv-1+default-dev,9
librust-futures-io-0.3+std-dev,9
librust-glib-0.18+default-dev,9
librust-gobject-sys-0.18+default-dev,9
librust-gufo-common-0.2+default-dev,9
librust-http-body-util-0.1+default-dev,9
librust-httpdate-1+default-dev,9
librust-itertools-0+default-dev,9
librust-lv2-sys-2+default-dev,9
librust-nom-7+std-dev,9
librust-pest-2+default-dev,9
librust-proc-macro-hack-0.5+default-dev,9
librust-proc-macro2-1+proc-macro-dev,9
librust-quick-xml-0.36+default-dev,9
librust-regex-syntax-0.8+default-dev,9
librust-scoped-tls-1+default-dev,9
librust-sequoia-openpgp-2+crypto-nettle-dev,9
librust-serde-urlencoded-0.7+default-dev,9
librust-signal-hook-0.3+default-dev,9
librust-smallvec-1+union-dev,9
librust-syn-2+fold-dev,9
librust-tinyvec-1+default-dev,9
librust-tower-layer-0.3+default-dev,9
librust-typenum-1+default-dev,9
librust-unicase-2+default-dev,9
librust-unicode-width-0.2+default-dev,9
librust-urid-0.1+default-dev,9
librust-winapi-0.3+errhandlingapi-dev,9
librust-winapi-0.3+winnt-dev,9
libset-scalar-perl,9
libsort-naturally-perl,9
libspecio-perl,9
libsub-exporter-formethods-perl,9
libtcl,9
libtest-harness-perl,9
libtext-autoformat-perl,9
libtext-iconv-perl,9
libtrace3,9
libuutf-ocaml-1bd71,9
libvigraimpex,9
libwx-perl,9
libxres,9
lmodern,9
localsearch,9
log4shib,9
logback,9
lomiri-history-service,9
lomiri-indicator-network,9
lomiri-indicator-transfer,9
lomiri-settings-components,9
lomiri-ui-extras,9
lua-expat,9
maliit-framework,9
marco,9
mariadb-connector-java,9
maven-common-artifact-filters,9
maven-plugin-tools,9
md4c,9
mdbtools,9
mediascanner2,9
mkcal,9
mpsolve,9
msgpack-c,9
nauty,9
nbconvert,9
ncl,9
neuron,9
node-assert,9
node-fetch,9
node-ipydatagrid,9
node-is-plain-object,9
node-jest,9
node-jquery-mousewheel,9
node-katex,9
node-micromatch,9
node-punycode,9
node-rollup,9
node-typescript,9
oar,9
obexftp,9
openni2,9
opensc,9
openslide,9
openstack-pkg-tools,9
optipng,9
osm-gps-map,9
p4est,9
pavucontrol,9
pbbam,9
pd-zexy,9
peewee,9
perl-openssl-abi-3,9
php-composer-ca-bundle,9
php-imagick,9
plasma-framework,9
pmix,9
pocketsphinx,9
polkit-1-auth-agent,9
postscript-viewer,9
powerline,9
ppl,9
procmail,9
prometheus-cpp,9
pymol,9
python-azure,9
python-bottle,9
python-fabio,9
python-h2,9
python-marshmallow,9
python-microversion-parse,9
python-paho-mqtt,9
python-pefile,9
python-pluggy,9
python-pyperclip,9
python-semantic-version,9
python-skbio,9
python-slugify,9
python-stem,9
python-tomli-w,9
python-trio,9
python-wsme,9
python-zombie-telnetlib,9
python3-certbot-abi-4,9
qt6-graphs,9
qt6-imageformats,9
qt6-remoteobjects,9
qtcontacts-sqlite,9
qtwayland-client-abi-5-15-15,9
quadprog,9
r-bioc-genomicalignments,9
r-bioc-graph,9
r-cran-ade4,9
r-cran-coin,9
r-cran-commonmark,9
r-cran-cowplot,9
r-cran-forcats,9
r-cran-glmmtmb,9
r-cran-mclust,9
r-cran-mime,9
r-cran-posterior,9
r-cran-rcppparallel,9
r-cran-remotes,9
r-cran-rms,9
r-cran-rtsne,9
r-cran-survey,9
r-cran-testit,9
r-cran-usethis,9
r-cran-uuid,9
r-cran-vegan,9
r-cran-xfun,9
raku-api-2024.09+b2021349,9
rdkit,9
recode,9
reportbug,9
ri-li,9
rocksdb,9
ros-actionlib,9
ros-message-generation,9
ros-rospack,9
ros2-ament-index,9
rpcbind,9
rplay,9
ruby-logger,9
ruby-prawn,9
ruby-rexml,9
rust-c2-chacha,9
rust-curl,9
rust-structopt,9
saga,9
slashem,9
sleuthkit,9
sofia-sip,9
sord,9
sqlcipher,9
sqlparse,9
srt,9
supernovas,9
tetgen,9
texmacs,9
theme-d,9
timidity,9
tokyocabinet,9
trac,9
traceroute,9
tryton-modules-account-payment,9
tryton-modules-bank,9
tryton-modules-stock-shipment-measurements,9
tycho2,9
ucx,9
ufo-core,9
uriparser,9
vdr-plugin-xineliboutput,9
vips,9
woff2,9
wordlist,9
wvstreams,9
xaw3d,9
xinit,9
xpa,9
yubikey-personalization,9
znc,9
afflib,8
aoflagger,8
apertium-separable,8
appconfig,8
armagetronad,8
aspell-en,8
avalon-framework,8
avogadro,8
baloo-kf5,8
bcel,8
bedtools,8
blinker,8
blueman,8
bogofilter,8
bordeaux-threads,8
bowtie,8
bpfcc,8
brise,8
bsdgames,8
bsdmainutils,8
bulletml,8
bwidget,8
cbflib,8
cctbx,8
cd-hit,8
ceilometer,8
cffi,8
cglib,8
chasen,8
civetweb,8
cl-portable-aserve,8
clustalo,8
clustalw,8
cm-super,8
codec2,8
coffeescript,8
coinor-symphony,8
collectd,8
commons-exec,8
commons-httpclient,8
coq,8
courier-unicode,8
cp2k,8
cvc5,8
dbus-c++,8
dcap,8
dia,8
dict-server,8
distro-info-data,8
doomsday,8
dssi,8
dune-common,8
dutch,8
dvi2ps-fontdata,8
ed,8
fai,8
farstream-0.2,8
fbreader,8
fckit,8
ffms2,8
findbugs,8
flot,8
fonts-hack,8
fonts-inter,8
freexl,8
game-music-emu,8
gap-polycyclic,8
gap-smallgrp,8
gecode,8
genshi,8
getfem,8
gir1.2-gdk-4.0-dev,8
glade,8
globus-ftp-control,8
gmp-ecm,8
gmt,8
gnucap,8
gnustep-make,8
golang-1.24,8
golang-github-azure-go-autorest,8
golang-github-blang-semver,8
golang-github-containerd-console,8
golang-github-juju-errors,8
golang-github-opencontainers-selinux,8
golang-github-pierrec-lz4,8
golang-github-secure-systems-lab-go-securesystemslib,8
golang-github-xeipuuv-gojsonschema,8
golang-gocapability-dev,8
golang-golang-x-image,8
golang-gopkg-ini.v1,8
golang-pq-dev,8
gpsbabel,8
grace,8
grilo,8
gtkmm4.0,8
gutenprint,8
hackrf,8
hamradio-files,8
haskell-adjunctions,8
haskell-auto-update,8
haskell-cookie,8
haskell-copilot-core,8
haskell-dbus,8
haskell-doclayout,8
haskell-gi-cairo,8
haskell-glob,8
haskell-hslua-packaging,8
haskell-hspec,8
haskell-http,8
haskell-microlens-th,8
haskell-parallel,8
haskell-parsers,8
haskell-regex-base,8
haskell-sha,8
haskell-skylighting-core,8
haskell-strict,8
haskell-th-orphans,8
haskell-tls,8
haskell-wai-logger,8
haskell-word8,8
haskell-yi-core,8
highway,8
hunspell-fr,8
ibm-3270,8
icinga-php-thirdparty,8
id3lib3.8.3,8
ipcalc,8
itcl3,8
java-atk-wrapper,8
jquery-ui-themes,8
jsamp,8
json-simple,8
jupyter-server,8
k3b,8
kaddressbook,8
kalzium,8
kdsoap,8
kf6-kdesu,8
kglobalacceld,8
kio-extras,8
knotifyconfig,8
kodi-api-audioencoder,8
kontactinterface,8
kscreenlocker,8
kylin-burner,8
lam,8
latex-cjk-chinese-arphic,8
lib25519,8
libantlr3c,8
libavc1394,8
libax25,8
libbigarray-compat-ocaml-dev-hryr0,8
libboolean-perl,8
libcgi-fast-perl,8
libcommons-dbcp-java,8
libcompface,8
libconfig-ini-perl,8
libconfig-model-tkui-perl,8
libcoq-hierarchy-builder-x91u3,8
libcrypto++,8
libdaemon,8
libdata-section-perl,8
libdata-validate-uri-perl,8
libdatetime-format-w3cdtf-perl,8
libdatetime-locale-perl,8
libdevel-declare-perl,8
libdex,8
libdumbnet,8
libeatmydata,8
libebml,8
libemail-abstract-perl,8
libemail-address-perl,8
libemail-date-format-perl,8
libfcgi-perl,8
libfido2,8
libfile-libmagic-perl,8
libfizmo,8
libfreetype6-dev,8
libftdi,8
libgd-gd2-noxpm-perl,8
libghc-attoparsec-aeson-dev-2.1.0.0-6f78e,8
libghc-attoparsec-aeson-prof-2.1.0.0-6f78e,8
libghc-haskeline-dev-0.8.2.1-2332e,8
libghc-haskell-src-exts-dev-1.23.1-3c188,8
libghc-haskell-src-exts-prof-1.23.1-3c188,8
libghc-hourglass-dev-0.2.12-44547,8
libghc-hourglass-prof-0.2.12-44547,8
libghc-http-dev-4000.4.1-94e77,8
libghc-http-prof-4000.4.1-94e77,8
libghc-microlens-platform-dev-0.4.3.5-bf286,8
libghc-microlens-platform-prof-0.4.3.5-bf286,8
libghc-monad-logger-dev-0.3.40-32bf1,8
libghc-monad-logger-prof-0.3.40-32bf1,8
libghc-prettyprinter-ansi-terminal-dev-1.1.3-cd3fc,8
libghc-prettyprinter-ansi-terminal-prof-1.1.3-cd3fc,8
libghc-rio-dev-0.1.22.0-26900,8
libghc-rio-prof-0.1.22.0-26900,8
libghc-shakespeare-dev-2.1.1-48430,8
libghc-shakespeare-prof-2.1.1-48430,8
libghc-th-lift-instances-dev-0.1.20-dec8b,8
libghc-th-lift-instances-prof-0.1.20-dec8b,8
libghc-time-compat-dev-1.9.6.1-a9589,8
libghc-uniplate-dev-1.6.13-9bb77,8
libghc-uniplate-prof-1.6.13-9bb77,8
libghc-void-dev-0.7.3-a7720,8
libghc-void-prof-0.7.3-a7720,8
libgig,8
libgpiod,8
libhtml-format-perl,8
libimagequant,8
libimobiledevice-glue,8
libio-interactive-perl,8
libitext-java,8
libitext5-java,8
libjcat,8
libjlatexmath-java,8
libjoda-time-java,8
libjs-bootswatch,8
libjson-rpc-cpp,8
libjsonparser,8
libkkc,8
libkpim6akonadiprivate6-24.12,8
libkpim6grantleetheme6-24.12,8
libkpim6mailcommon6-24.12,8
libkpim6messagecore6-24.12,8
libkpim6messageviewer6-24.12,8
liblcmaps0,8
libldac,8
liblinear,8
liblrdf,8
libmatch-simple-perl,8
libmatekbd,8
libmeta-perl,8
libmms,8
libmodulemd,8
libnatpmp,8
libnet-netmask-perl,8
liboauth2,8
libofx,8
libopenobex,8
libparams-validationcompiler-perl,8
libparse-yapp-perl,8
libpeas2,8
libpod-simple-perl,8
libpodofo,8
libptime-ocaml-ja143,8
libqrtr-glib,8
libqt5xdg,8
libquazip1-qt6,8
librdf-ns-perl,8
librust-anstream-0.6+default-dev,8
librust-blocking-1+default-dev,8
librust-digest-0.10+mac-dev,8
librust-env-logger+default-dev,8
librust-futures-channel-0.3+sink-dev,8
librust-gdk4-sys-0.9+default-dev,8
librust-gix-object-0.46+serde-dev,8
librust-gstreamer-sys-0.23+default-dev,8
librust-gtk4-0.9+default-dev,8
librust-h2-0.4+default-dev,8
librust-hkdf-0.12+default-dev,8
librust-html5ever-0.27+default-dev,8
librust-httparse-1+default-dev,8
librust-hyper-1+default-dev,8
librust-image-0.25+png-dev,8
librust-maplit-1+default-dev,8
librust-nix-0.29+poll-dev,8
librust-num-traits-0.2+i128-dev,8
librust-prost-0.12+default-dev,8
librust-quickcheck-1+default-dev,8
librust-regex-1+unicode-dev,8
librust-rustix-0.38+event-dev,8
librust-rustix-0.38+process-dev,8
librust-ryu-1+default-dev,8
librust-schemars-0.8+default-dev,8
librust-smallvec-1+serde-dev,8
librust-strsim-0.11+default-dev,8
librust-strum-0.26+default-dev,8
librust-symphonia-metadata-0.5+default-dev,8
librust-tokio-1+process-dev,8
librust-unic-char-range-0.9+default-dev,8
librust-unic-langid-0.9+default-dev,8
librust-unic-ucd-version-0.9+default-dev,8
librust-unicode-xid-0.2+default-dev,8
librust-untrusted-0.9+default-dev,8
librust-vcpkg-0.2+default-dev,8
librust-winapi-0.3+sysinfoapi-dev,8
librust-winapi-0.3+wincon-dev,8
librust-winapi-0.3+winsock2-dev,8
libsass,8
libsass-python,8
libsereal-encoder-perl,8
libsixel,8
libsmithwaterman,8
libsort-versions-perl,8
libspreadsheet-writeexcel-perl,8
libstarpu-any-1.4-6,8
libstatistics-descriptive-perl,8
libsys-cpu-perl,8
libterm-progressbar-perl,8
libtext-markdown-perl,8
libtickit-perl,8
libtime-parsedate-perl,8
libunicode-utf8-perl,8
liburi-encode-perl,8
libuutf-ocaml-dev-1bd71,8
libvhdi,8
libvirt-glib,8
libvmdk,8
libwww-curl-perl,8
libxc,8
libxcvt,8
libxml-perl,8
libyojson-ocaml-dev-0y6j6,8
libzen,8
libzim,8
libzypp,8
lmfit-py,8
lomiri-action-api,8
lomiri-telephony-service,8
lzlib,8
magit,8
manpages,8
marisa,8
markdown-it-py,8
mime-support,8
mod-wsgi,8
mp3splt,8
newlib,8
nfft,8
nghttp3,8
node-async,8
node-camelcase,8
node-chart.js,8
node-chokidar,8
node-convert-source-map,8
node-d,8
node-d3-array,8
node-d3-color,8
node-depd,8
node-es6-symbol,8
node-esutils,8
node-fs-extra,8
node-globby,8
node-mime-types,8
node-ms,8
node-react-hot-loader,8
node-resolve-from,8
node-slash,8
node-vscode-lsp,8
nwchem,8
objenesis,8
ocamlnet,8
onboard,8
open-isns,8
openrc,8
opensaml,8
openscap,8
opensubdiv,8
openvdb,8
opm-common,8
osmpbf,8
oss-compat,8
papirus-icon-theme,8
parlatype,8
patchutils,8
pbcopper,8
pd-import,8
peony,8
php-async-aws-core,8
php-composer-semver,8
php-doctrine-deprecations,8
php-igbinary,8
php-monolog,8
php-parser,8
picard-tools,8
pioneers,8
plasma-desktop,8
plasma-discover,8
plexus-classworlds,8
pocl,8
powerdevil,8
pstoedit,8
pydata-sphinx-theme,8
pydicom,8
pydot,8
pygithub,8
pymca,8
pyroute2,8
python-atomicwrites,8
python-autobahn,8
python-botocore,8
python-build,8
python-cartopy,8
python-dendropy,8
python-docker,8
python-dogpile.cache,8
python-email-validator,8
python-evdev,8
python-gnocchiclient,8
python-googleapi,8
python-jwcrypto,8
python-launchpadlib,8
python-ldap3,8
python-looseversion,8
python-meshio,8
python-odf,8
python-progressbar,8
python-qtconsole,8
python-retrying,8
python-rioxarray,8
python-semver,8
qastools,8
qmf,8
qpdfview,8
qpid-proton,8
qtconnectivity-opensource-src,8
qtfeedback-opensource-src,8
qtimageformats-opensource-src,8
qtvirtualkeyboard-opensource-src,8
r-bioc-beachmat,8
r-cran-bayesplot,8
r-cran-bslib,8
r-cran-cairo,8
r-cran-insight,8
r-cran-interp,8
r-cran-lazyeval,8
r-cran-locfit,8
r-cran-mice,8
r-cran-optimx,8
r-cran-pander,8
r-cran-pbkrtest,8
r-cran-pkgbuild,8
r-cran-pscl,8
r-cran-psych,8
r-cran-r.methodss3,8
r-cran-rann,8
r-cran-rspectra,8
r-cran-viridislite,8
r-cran-whisker,8
rasqal,8
recoll,8
redmine,8
resolvconf,8
rhash,8
ros-collada-urdf,8
ros-message-runtime,8
ros-pluginlib,8
ros-robot-state-publisher,8
ruby-builder,8
ruby-faraday-follow-redirects,8
ruby-kramdown,8
ruby-mini-mime,8
ruby-rails-dom-testing,8
ruby-timers,8
sanlock,8
schroot,8
scim-tables,8
seaborn,8
seahorse,8
sgml-data,8
shine,8
shorewall,8
silo-llnl,8
simpleeval,8
slixmpp,8
slurp,8
snappy-java,8
squid,8
sshfs-fuse,8
ssm,8
sysstat,8
tclsh,8
telepathy-mission-control-5,8
tigervnc,8
tntnet,8
tomcat11,8
tree-puzzle,8
tryton-modules-country,8
tryton-modules-product-price-list,8
ttf-bitstream-vera,8
tumbler,8
tuxmath,8
tuxpaint,8
tuxtype,8
ubuntu-keyring,8
ubuntu-packaging-guide,8
ucommon,8
usbredir,8
varnam-schemes,8
vnlog,8
webp-pixbuf-loader,8
wf-config,8
wmctrl,8
workrave,8
wtmpdb,8
xdg-desktop-portal-backend,8
xfwm4,8
xmlstarlet,8
xmltv,8
xmonad,8
xsane,8
xvidcore,8
zziplib,8
actor-framework,7
aircrack-ng,7
airspyone-host,7
alkimia,7
alure,7
aravis,7
argtable2,7
astroid,7
atlas-ecmwf,7
atomix,7
audacity,7
avy,7
babeltrace2,7
beancount,7
belr,7
binoculars,7
biosquid,7
biosyntax,7
black,7
bliss,7
blockdiag,7
bochs,7
botan,7
bzflag,7
c++-annotations,7
calamares-settings-debian,7
canna,7
cbor2,7
cclib,7
cdebconf,7
cegui-mk2,7
chmlib,7
cinnamon-translations,7
cl-postmodern,7
cl-usocket,7
clipper,7
cloud-utils,7
cloudpickle,7
cmigemo,7
coderay,7
coinor-ipopt,7
collada-dom,7
colors.js,7
commons-pool,7
continuity,7
cowdancer,7
csh,7
ctsim,7
cvc4,7
d3-format,7
dask.distributed,7
dateparser,7
deap,7
debusine,7
deluge,7
dleyna,7
docker-registry,7
doxia-sitetools,7
dyssol,7
editorconfig-core,7
elinks,7
elixir-lang,7
emacs-git-modes,7
embree,7
engrampa,7
etcd,7
facter,7
fermi-lite,7
ffcall,7
firehol,7
fisicalab.app,7
fityk,7
flashrom,7
fontmath,7
fonts-android,7
fonts-sil-andika,7
freeipa,7
frei0r,7
frozenlist,7
fte,7
funtools,7
fzf,7
ganeti,7
gcab,7
gearmand,7
geoip-database,7
geomview,7
gfarm,7
gir1.2-cairo-1.0-dev,7
gir1.2-gst-1.0,7
gir1.2-soup-3.0-dev,7
girara,7
givaro,7
globus-gass-cache-program,7
globus-gatekeeper,7
globus-gram-protocol,7
glyr,7
gmerlin-avdecoder,7
gnome-initial-setup,7
gocr,7
golang-github-chzyer-readline,7
golang-github-containers-storage,7
golang-github-cznic-mathutil,7
golang-github-docker-go-connections,7
golang-github-go-errors-errors,7
golang-github-go-openapi-errors,7
golang-github-google-gofuzz,7
golang-github-google-shlex,7
golang-github-hashicorp-go-uuid,7
golang-github-juju-loggo,7
golang-github-klauspost-cpuid,7
golang-github-masterminds-semver-dev,7
golang-github-muesli-termenv,7
golang-github-rcrowley-go-metrics,7
golang-github-rs-xid,7
golang-github-tinylib-msgp,7
golang-go.opencensus,7
golang-gopkg-alecthomas-kingpin.v2,7
golang-gopkg-natefinch-lumberjack.v2,7
golang-gopkg-square-go-jose.v2,7
golang-pretty,7
golang-websocket-dev,7
gopacket,7
gputils,7
gtk4-layer-shell,7
gtkmm2.4,7
guice,7
guile-2.2,7
gupnp-dlna,7
haskell-base-compat-batteries,7
haskell-clock,7
haskell-crypto-api,7
haskell-crypton-connection,7
haskell-crypton-x509,7
haskell-digest,7
haskell-fingertree,7
haskell-gi-pango,7
haskell-hsopenssl,7
haskell-hspec-expectations,7
haskell-hxt,7
haskell-hxt-charproperties,7
haskell-lambdabot-core,7
haskell-lua,7
haskell-math-functions,7
haskell-microlens-mtl,7
haskell-mmorph,7
haskell-mwc-random,7
haskell-old-locale,7
haskell-pandoc,7
haskell-pem,7
haskell-pipes,7
haskell-psqueues,7
haskell-regex-posix,7
haskell-resource-pool,7
haskell-safe-exceptions,7
haskell-splitmix,7
haskell-statevar,7
haskell-tagsoup,7
haskell-terminal-size,7
haskell-text-short,7
haskell-th-compat,7
haskell-uuid-types,7
haskell-x11,7
haskell-x509,7
haskell-yesod-form,7
hatchling,7
hdf-eos5,7
heat,7
hipercontracer,7
hspell,7
html2text,7
humanfriendly,7
hwdata,7
ibus-table-chinese,7
iceweasel,7
iio-sensor-proxy,7
img2pdf,7
incremental,7
intel-processor-trace,7
iproute,7
ipset,7
ismrmrd,7
isort,7
isospec,7
ispell-uk,7
istack-commons,7
jed,7
jline2,7
jruby,7
kalgebra,7
kbookmarks,7
kcontacts,7
kdeedu-data,7
kdepim-runtime,7
kdsingleapplication,7
keyman,7
kf6-kdoctools,7
kf6-modemmanager-qt,7
